,ACC_x_mean,ACC_y_mean,ACC_z_mean,net_acc_mean,net_acc_std,EDA_mean,EDA_std,EDA_slope,RESP_rate,RESP_regularity,HR,IBI,RMSSD,SDNN,pNN50,lf/hf,label,subject,focus_label,hr_diff,hr_center,hr_slope,hr_zscore,sdnn_diff,sdnn_slope,sdnn_zscore,acc_ratio,net_acc_mean_slope,net_acc_mean_diff,acc_vector_magnitude_mean,acc_vector_slope,hr_netacc_interaction,hr_sdnn_ratio,acc_hr_slope_diff,sdnn_netacc_ratio,eda_hr_interaction,eda_resp_ratio,hr_resp_interaction,hrv_composite,hrv_stress_index,arousal_index
0,35.0813,-19.138833333333334,16.982633333333332,63.05858514628858,4.001750368893552,0.2759999554166666,0.0211942848709487,-2.913309406781087e-05,18.48105261647511,1.968779298803772,80.5453335481177,787.5205592105264,222.465880799864,168.0176056207681,68.64295125164689,5.197851424568951,1,8,1,1.4442998221166476,-3.9249376638463787,1.4442998221166454,-0.6795385946958413,-11.391593993501857,-11.391593993501894,-1.419293779258587,0.06346083343941125,0.037132729117534326,0.03713272911754473,43.421220457116995,-5.180590976043042,5079.074773680194,0.4793862689040456,2.557450546776906,2.6644683284047446,22.230508468301025,0.010765190838722412,1488.5625473143011,153.04214589075966,0.755251119932054,410.84319669366675
1,32.3353,9.767966666666666,41.654466666666664,63.191296493609805,3.6685574989856904,0.2443912441666667,0.0201937905692455,3.6222773458819874e-06,21.119121904264773,1.4201111906781196,85.80132026078557,762.8816793893129,251.14251769041215,212.0370214571655,78.85350318471339,3.248842867464048,3,8,0,5.255986712667877,1.331049048821498,3.350143267392275,0.23044931603346835,44.0194158363974,16.313910921447782,0.9717184852818562,0.0580547908105774,0.08492203821938783,0.13271134732122647,53.62909091319333,2.5136397400166564,5421.896668142472,0.40465254259132344,0.3184142315934153,3.3554782045519427,20.96909140967601,0.014219865811776845,1812.0485421343935,180.67768077743037,0.8442896225104637,442.8487977026189
2,34.815866666666665,11.5337,5.719266666666667,64.59527280036298,11.609796086926796,0.25183223,0.0159622495538045,-6.3482492036885915e-06,22.473842625770384,1.5473257840547538,83.50161419804638,781.7599543080939,243.9571716788873,210.64317119816536,80.52287581699348,3.4107314163156643,3,8,0,-2.2997060627391903,-0.9686570139176922,1.4781403249643446,-0.16770707775644866,-1.3938502590001463,21.312782788698662,0.8960084150576492,0.17973135778538823,0.7683438270372145,1.4039763067531723,37.119817061046454,-3.1507016980352645,5393.8095483934685,0.3964126314974555,10.13165576196245,3.260968779994268,21.028397712093682,0.010316023760668916,1876.6021364846883,178.37440623134873,0.8634432418958683,472.5889008537034
3,29.2764,7.962633333333334,-2.3992,63.38077371029255,4.0289234150934154,0.2646481720833333,0.0231878659520262,1.20825224878515e-05,23.533002234085423,1.615025130564097,82.61271025137498,783.8031045751634,239.03458799174,206.9165791562887,71.07329842931938,4.2879991553036945,4,8,0,-0.8889039466714053,-1.8575609605890975,-1.5943050047052907,-0.32160621972364095,-3.726592041876671,-2.5602211504384,0.6935902977845334,0.06356696485765918,0.09473860834137685,-1.2144990900704258,30.434639593744347,-11.597225659724486,5236.057494036363,0.3992561165904432,5.623228419798706,3.264658409463825,21.863302758876436,0.01435758832057748,1944.125094909459,172.3414885257827,0.8656344711228101,514.5091526691251
4,44.057602761721256,-0.8397157996146436,27.540944123314063,63.28881126529813,4.580582004811249,0.5677918995833333,0.202535097259554,0.0002714208546377,23.14005433214159,1.5887803109718617,95.25961528745869,677.7785633484162,245.9014485207972,187.86038188291317,77.12344280860701,2.2565378701199537,2,8,0,12.646905036083709,10.789344075494611,5.879000544706162,1.867998001162261,-19.056197273375517,-11.391394657626044,-0.3414893490123422,0.0723758578054195,-0.6532307675324202,-0.0919624449944223,51.964228916989214,7.422205927971388,6028.867813132882,0.507076658876133,-1.2984185398949135,2.968303167002533,54.087637917643704,0.12747835296099727,2204.3126734107,170.2950910707725,0.7639661458400268,1251.590880111477
5,36.9376,1.4355666666666669,29.118266666666667,63.2809950921271,4.345099939416795,0.2264191795833333,0.0143883687822201,-1.766013339889422e-05,24.451406170591977,1.7412779452084743,85.81045331390771,747.9738154613466,259.5931501426175,182.6548513144303,59.925093632958806,2.745457256612812,1,9,1,-1.371330968048781,-3.553739141450748,-1.3713309680487944,-0.9742453445237756,15.761533359142788,15.761533359142765,1.1067388203121342,0.06866358427346186,-0.062386039873040415,-0.06238603987302582,47.05656807593979,-6.822500516222143,5430.170875010595,0.46979564039278704,5.71643090746559,2.886409231746507,19.42913243900891,0.008263108610439244,2098.1862476609776,167.39103169666888,0.7036196880159657,475.0696088084312
6,51.9439,-6.3695,19.529666666666667,63.13674642182829,3.5543660380465996,0.5397655345833333,0.1567833442241569,0.0002039353757817,23.012931075556743,1.539541549292594,91.54593579455232,695.2037412993039,224.32225382045408,165.59347941030958,62.020905923344934,1.7359278859341916,1,9,1,5.735482480644606,2.181743339193858,2.1820757562979107,0.5981174212712909,-17.061371904120705,-0.6499192724889493,-1.311911428209054,0.05629631299495894,-0.10331735508591082,-0.14424867029880772,55.85827743111231,0.9896044194752065,5779.912534209624,0.5528353868021776,1.3722902817486888,2.62277494759033,49.41334097307804,0.10183768297529709,2106.7403106873753,150.64554638470284,0.7381946132854452,1137.145810026429
7,36.4211,23.907333333333337,23.612766666666666,63.311549106269794,2.135372667956545,1.0414181120833332,0.0944271108005465,0.0001215874082699,22.795306089268465,1.5408998128525646,93.06480468691376,688.8649425287356,236.19712684110263,175.57358096875538,72.49712313003454,2.19741624047425,2,9,0,1.5188688923614393,3.700612231555297,3.627175686503036,1.014510096261227,9.980101558445796,-3.5406351728374386,0.10288541522483553,0.033728011683496734,0.015277007071364652,0.17480268444150227,49.55421134450185,1.2488216342810357,5892.076952000948,0.5300615482315291,-1.491803018546491,2.773168255619257,96.91937319844988,0.06128049988255883,2121.4407089761858,161.4226103132975,0.7433349563429251,2209.3067780387073
8,42.5548,8.341366666666667,37.10046666666667,63.297871512560896,3.453977703942405,1.0114727233333334,0.1414804089424166,-0.0001973845833966,23.96916817100776,1.6899097302827797,93.20713235593368,689.9273590333717,242.54377689183733,178.5651249246943,70.27649769585253,2.510259290576411,2,9,0,0.14232766901992022,3.8429399005752174,0.8305982806906914,1.0535287364653507,2.9915439559389085,6.4858227571923495,0.5269719759747459,0.05456704343142082,0.08056254536631,-0.013677593708898428,57.06955429817393,0.6056384335308135,5899.813087920147,0.521978364326535,2.6233794232517136,2.8210288566848694,94.27647199814669,0.08372069016890156,2234.097430176753,163.7951331707947,0.7362181261171901,2259.728611892882
9,22.87575863678805,6.4845354808590105,54.67489495798319,63.057112554044195,3.96185221412708,0.5563606704166667,0.1502212318375306,-0.0001477034085939,24.137700789805027,1.6740609332334206,85.37504429888685,750.2346683354193,227.30633931894684,179.80655454802508,61.1528822055138,2.6427541246667965,4,9,1,-7.832088057046832,-3.9891481564716145,-3.8448801940134527,-1.0936112261947055,1.241429623330788,2.1164867896348816,0.7029592344357952,0.0628295850167815,-0.12721827611279626,-0.24075895851670026,59.62125185097675,5.033520253237458,5383.503777661417,0.47481608242077566,7.806732408140533,2.851487237739145,47.499316882981304,0.08973462605532573,2060.75727420288,156.0885920241619,0.7910318519349694,1146.5242986415371
10,-38.63536666666667,-8.358666666666666,-16.6301,64.55846408891539,1.7883645639397214,0.12405171,0.0057416386848674,-6.29197340398818e-06,19.869163612384064,1.6292218660803364,66.51554563286504,965.2777777777778,302.2649765577008,224.6386957148145,80.16129032258061,2.0004531182308605,1,4,1,-8.825271725839741,-11.003554980110067,-8.825271725839757,-0.9892175656123974,-7.599041685895429,-7.599041685895488,-0.028964526008765593,0.027701473217774112,-0.1037142961435648,-0.10371429614356487,42.88495181205433,-5.209306483320415,4294.14146409393,0.2961001225773158,10.613636289779478,3.479616428386627,8.25136717733994,0.0035241600940950557,1321.6082589463938,202.3549875316986,0.7431846662259005,163.94776447242293
11,-51.268166666666666,-3.3790666666666667,18.787366666666667,64.67973739418328,2.7775595918279676,0.1576422408333333,0.0471683923361767,4.511223158545701e-05,21.417644059153492,1.6567047606995182,77.55258671007137,857.9199498567335,323.0671663372928,256.232846617359,81.77905308464848,3.3340897851681506,1,4,1,11.037041077206325,0.03348609709625805,1.1058846756833,0.003010393960069931,31.59415090254447,11.997554608324556,1.4779839967826465,0.04294327255691296,0.008779504562170394,0.12127330526789137,54.70656405923029,3.306152881927775,5016.080942647044,0.3026645000093166,1.6716749161446676,3.9615628167166843,12.225563551397034,0.02847121192327628,1660.993698022946,220.35968867976672,0.7931256200447291,261.8427685663822
12,-45.74256666666667,18.8228,6.6877,64.96438671224803,3.5910804922044424,0.16042760625,0.0226099584209674,-2.3055124261739965e-05,21.460600648497905,1.8019287994833348,72.20495108731951,893.8850596125186,265.6359743123672,211.58424258766848,66.56716417910445,2.25388761687323,3,4,0,-5.347635622751852,-5.314149525655594,2.8447027272272387,-0.4777410633719322,-44.64860402969049,-6.5272265635730236,-0.6516237301280345,0.05527767864739035,0.20296131166632994,0.28464931806475136,49.913981371800475,3.5145147798730703,4690.750364975579,0.34125863940998935,0.7463777649772037,3.25692660300064,11.583667462337004,0.01254764251919961,1549.5616201292887,181.26246035971337,0.7965195344319663,248.5924614542136
13,-52.38561246867168,-6.346608709273183,19.23249530075188,64.82138885327669,3.4923396947210805,2.33546668,0.3533447655121094,9.68867927598641e-05,22.366887644957306,1.635551038403245,95.98160227591484,677.9553167420814,270.1011624428912,201.5362564047909,82.67270668176671,2.9369292334928474,2,4,0,23.776651188595324,18.46250166293973,9.214507782921753,1.659775498294951,-10.047986182877594,-27.348295106284073,-1.1308832608564405,0.05387634786144426,0.07082572954671613,-0.14299785897134143,56.164229820410746,0.7288328805902358,6221.660763887622,0.47624979997089684,-5.722168088200673,3.1091011294415085,224.1618340084113,0.21604019514858594,2146.8097140883656,184.77004184314958,0.7461510146125442,5013.802555553705
14,-49.06856666666667,-3.4267666666666665,17.280533333333334,64.72596492716197,3.4712050137953745,2.6880178358333335,0.229776179226758,-0.000311928598123,18.925459248751295,1.774820984243742,80.38986119752309,786.2327755905512,223.94886285734648,166.84423840177087,69.77660972404733,1.7657650341401327,1,11,1,-2.992984250933347,-13.200681753338358,-2.9929842509333535,-1.2592005168440983,10.215595445483245,10.215595445483238,-0.0670735903162341,0.05362925091501724,0.12338479054419792,0.12338479054420759,52.13524524535522,1.411325822277417,5203.311336370299,0.48182581242100614,6.464189264728728,2.577701792654985,216.08938071910808,0.12946442557679502,1521.4150421064962,153.5232369943882,0.7450104290462471,4089.5907688873835
15,-44.892633333333336,2.1558,-20.810866666666666,65.46840125253368,9.016307675756869,2.4741784170833334,0.2570285700811565,0.0002553412838556,21.09366592129336,1.9815961860359284,94.16139362971631,686.8377720504009,248.8089370356215,192.34841459195476,77.06422018348623,2.750393020980259,1,11,1,13.771532432193226,0.5708506788548675,5.3892740906299474,0.05445290503068679,25.504176190183898,17.859885817833597,1.396688750420108,0.1377199916793131,0.4329105579579658,0.7424363253717132,49.52866011370476,-0.5976296546865059,6164.595900648036,0.4895355822918187,3.627033585126921,2.9380343489978897,232.97208784113218,0.12970784456106957,1986.2089799086368,172.74052393702084,0.7730767909048886,4914.235389907053
16,-42.98133333333333,-4.046733333333333,18.045933333333338,64.53993405938873,3.645843973131821,3.0432028120833334,0.2306349133700636,0.0001989011589233,22.764716837867653,1.6806347991626804,107.01644682507892,602.0017570281125,246.08468292102555,177.9019655330917,74.67336683417084,1.2243251366244556,2,11,0,12.8550531953626,13.425903874217468,13.313292813777931,1.2806842414209731,-14.446449058863067,5.528863565660422,0.5675630444163786,0.05648973811744164,-0.0930154338866238,-0.9284671931449537,46.791310899069,-2.671967173143102,6906.834421360673,0.6015472954604619,-9.66744884064611,2.7564633489232495,325.67275191724667,0.13723083294774668,2436.199108967642,166.22000509609603,0.7229298606536381,7413.84797920524
17,-30.159466666666667,-11.296366666666666,21.0039,64.044762984842,2.9062233595189286,4.731566179583333,0.5047112235711211,4.5171194394747774e-05,23.4262150501752,1.569352726038905,103.10163582884203,620.8873056994819,245.98502608010028,172.37778559256915,75.82987551867221,2.288793506843468,2,11,0,-3.9148109962368807,9.511092877980587,4.470121099562867,0.9072541321342468,-5.524179940522544,-9.985314499692805,0.2505135345600197,0.04537800163624259,-0.7118191338458438,-0.49517107454673237,38.44951423224428,-5.539572940730237,6603.119830007681,0.5981143966799637,-1.5638977400439384,2.6915203502563805,487.8322131474662,0.32160470695777094,2415.2810929513016,164.7308957304472,0.7007653609632224,11428.062333595448
18,-56.072983501374885,14.35661090742438,2.2103574702108157,65.23813292653043,3.3706695579060932,3.587728022916667,0.2962732433604378,-0.0004141199887217,22.269991401547728,1.4215788074481803,93.4910747755519,671.3325867861142,206.23004048007303,141.9764096080396,61.43497757847534,3.273816277342535,4,11,1,-9.61056105329014,-0.09946817530955343,-6.762686024763497,-0.009488174936696292,-30.40137598452955,-17.96277796252602,-1.4943140160686492,0.05166716775451036,0.3490994335708471,1.193369941688431,57.923893477896954,5.56629128941398,6099.18316365165,0.6584972417259987,10.13335558266959,2.1762794406095356,335.4205488648451,0.2084114097707085,2082.0454313729965,136.54714255552935,0.6884370932456761,7469.81273912252
19,37.3296,13.586633333333332,13.025,63.38200762543326,2.572639896329576,0.41307744375,0.0154140644939452,-1.8682460860662984e-06,20.4303536683072,1.719703444960712,97.91846720916467,633.2914904862579,169.25614252489456,123.0645229672589,38.306878306878296,3.048193129023893,1,10,1,-1.5920648380917015,3.2605750556099906,-1.5920648380917142,0.32720719373193885,-0.15935351603226877,-0.15935351603228007,-1.032058457144312,0.040589435278431514,0.20481246551644067,0.20481246551644006,41.806055380703455,-12.394652832309982,6206.269035322012,0.7956677038397818,4.16470473442129,1.9416317916734005,40.44791013067994,0.00896321080190506,2000.5089157417756,110.20918126634392,0.727090438972744,826.3651091136967
20,50.0315,1.3523666666666667,6.000233333333333,63.17458656680675,1.947711164342991,0.4075374433333333,0.0416058863160625,1.9426926526376777e-05,20.23396415411584,1.775505889531948,85.631529533839,734.3558517156863,186.480324245003,157.5096653836081,46.50306748466256,3.1776147948969005,3,10,0,-12.286937675325674,-9.026362619715684,-6.939501256708688,-0.9058189834711534,34.44514241634921,17.1428944501585,1.1140882258103648,0.030830611962664733,-0.0013042965550293362,-0.20742105862650817,50.40816092564334,-1.89627364368504,5409.736475383581,0.5436588845619611,8.887212421051679,2.493244063003064,34.89805461494357,0.02343325728253736,1732.66529904981,130.1643523710912,0.8446449566264566,706.125986127145
21,49.879933333333334,-20.9832,2.8446666666666665,63.018908378252405,4.6057558351945875,0.43428663875,0.0217541704293279,2.219181003113102e-05,21.955620906295948,1.5321458864028326,83.25861466051948,753.8522012578617,204.2759788021726,152.33668493477032,52.141057934508815,3.835652147679269,3,10,0,-2.372914873319516,-11.3992774930352,-7.329926274322585,-1.143947167432986,-5.172980448837791,14.636080983755717,0.7917793586537255,0.0730853001697506,-0.18154962359042534,-0.15567818855434723,54.18850948330488,6.191227051300718,5246.8670089914995,0.5465434287849109,11.935682109517172,2.4173170630487166,36.15810390789848,0.014198498081930223,1827.99458066974,136.25124055715057,0.7457395912531548,793.8736220922771
22,48.36410018552875,3.151360544217687,15.671768707482991,63.12541788412091,3.181219978933561,2.5853602604166666,0.4113722346318965,0.0004678102748372,22.70048643899512,1.700801444990845,106.97031731699391,588.5774803536345,192.040094490928,142.00932554972067,56.637168141592944,3.0382567506303175,2,10,0,23.71170265647443,12.31242516343923,10.669393891577478,1.2355839129762847,-10.327359385049647,-7.750169916943688,0.14832061431173357,0.050395230408982236,-0.0245843413429152,0.10650950586850172,50.9374282277419,0.2646336510492861,6752.545981832256,0.7532626195473239,-7.4881739126439175,2.2496377538564403,276.5568074355168,0.2418696408351833,2428.2782376294253,130.22886272741388,0.7394774821693769,6277.974056801734
23,46.5379,9.881766666666667,8.015833333333333,63.22271454923577,2.275536206227653,0.7623897791666667,0.0184074453590451,-1.4771487819701373e-05,21.360266466100786,1.2683058471249478,86.7256444093512,774.4468669250646,284.256960027476,243.6850489539552,68.82276843467012,2.265101065007361,1,5,1,-9.417491150314078,-7.307939682115588,-9.417491150314087,-0.7570565184366754,17.60549500351516,17.605495003515138,1.1233120449348575,0.03599238378882862,-0.09804290025653413,-0.09804290025653017,48.24602608394004,2.0986688686743538,5483.030660590936,0.35589234721513774,11.693027356541739,3.8543907334094394,66.11874488933213,0.014513412045502999,1852.4828740280457,198.92159247203378,0.857270298431394,1412.314009240274
24,52.5447,7.174366666666667,13.9185,63.22215382321848,2.5315803930813088,1.27047845875,0.5733653638364059,0.0006924177791076,21.12731459958947,1.2734326974808892,82.32889340866956,796.7503324468086,241.63064579474133,212.18047649177757,59.520639147802946,1.9428494386851003,1,5,1,-4.396751000681647,-11.704690682797235,-6.907121075497859,-1.2125322270218093,-31.504572462177634,-6.949538729331223,-0.07619058675473378,0.0400426154439487,-0.04930181313691238,-0.0005607260172908468,54.828292672741306,4.340467728737815,5205.009963178264,0.38801351746349977,9.438701468579168,3.3561095328856747,104.59708560843953,0.4502517996990654,1739.3884316810297,171.11058714477394,0.8781190638873644,2209.8555338496944
25,42.181333333333335,-20.710333333333335,28.8674,62.7922701409508,2.616717513576889,1.35973356,0.2428799664926718,-0.0001307364617511,19.506873850785514,1.6025642593977854,98.3008624484501,674.2125984251968,271.165249174628,216.47153114895403,71.62162162162164,2.5140910194816746,3,5,0,15.971969039780546,4.2672783569833115,5.787609019549458,0.44206315824472414,4.29105465717646,-13.606758902500513,0.08718669316824743,0.04167260568383818,-0.21522220414248586,-0.42988368226767903,55.14988278605455,3.4519283510572594,6172.534309951525,0.4541052648937196,-3.170891505972569,3.4474231814778125,133.66298164810138,0.15155708425941167,1917.5425232053349,186.4194673150679,0.7983011532925013,2607.3469215293726
26,46.70956753554503,5.373667061611374,18.248272116903635,63.332712481573935,5.470485228591686,3.4896153683333333,0.5548910632335933,0.0007402032278885,23.87098777077547,1.709927284297997,106.66938463119776,603.8834340382679,235.50843208934472,172.49138506514393,78.125,1.6025906842214324,2,5,0,8.368522182747654,12.635800539730965,12.170245611264104,1.3089893431495463,-43.9801460838101,-19.844545713316787,-1.587309954356689,0.08637692930305603,0.055279329177742385,0.5404423406231373,50.43470464173704,-2.1967940155021215,6755.661467434069,0.6184041247770626,-6.699760382672418,2.7235748412284386,372.2351239396872,0.32451149726018985,2546.303576047467,162.04160571816288,0.7324212705883327,8885.620091417364
27,55.01606666666667,-15.054766666666668,13.4575,62.914306731963656,1.5446709799800162,4.445526074583333,0.2255097951265159,-0.0002269798565698,19.553352719563375,1.4951643821947278,84.01322918518646,769.6015424164524,232.86595921039392,192.9810308648216,60.36036036036035,2.3296308106416994,1,7,1,2.149564545582237,-4.470577381263624,2.1495645455822117,-0.41708228559833205,16.105238639194113,16.10523863919411,-0.1606782675598888,0.024551982851227144,-0.04540435178596562,-0.045404351785961694,58.60476002091374,-1.224851360008858,5285.634070499582,0.435344491494043,-0.6048935656021954,3.067363177339349,373.4830009526919,0.15082608829638763,1642.7403033674668,162.06911681185863,0.8287215165290158,7302.844852389008
28,53.88836666666667,-10.436133333333334,15.4551,62.98545528333319,1.6697972185974244,4.3472283137500005,0.2850808162133917,0.0002801654882991,20.900398102821004,1.6134588814141086,83.55641985483436,797.7488348868176,295.5061644520579,246.0440187052306,78.0,1.5821610597387332,3,7,0,-0.45680933035210103,-4.927386711615725,0.8463776076150732,-0.45970028845058214,53.062987840408994,34.584113239801574,1.459631692651213,0.026510838273471615,0.012872099791785626,0.07114855136953224,57.02393407124961,-1.4028386548364769,5262.839146402083,0.3395994747400806,0.8234196109823512,3.9063624084650352,363.23883418851864,0.17668923546631318,1746.3624390124953,206.51672771909617,0.8326189037763647,7591.836240944628
29,54.9383514986376,-9.447547683923704,15.574591280653951,62.987959853013635,1.9409123167847004,6.620542029166667,0.323303721758724,0.0003745295505954,22.923196091282847,1.7154437516376588,104.50191258617532,617.1875,230.34042421165265,177.0712765957307,75.48918640576724,1.8086693712556496,2,7,0,20.945492731340963,16.018106019725238,10.244341700494449,1.4944083727670616,-68.9727421094999,-7.954877134545439,-0.6464920966689962,0.03081402098613674,0.03682656052501193,0.0025045696804468776,57.879586351211,-0.36258683485136295,6582.362274541151,0.590168625906469,-8.303429383709748,2.811192396098322,691.8593044050748,0.1884665244488956,2395.5178341269957,160.9669624043835,0.7687373035009496,15859.62650245608
30,30.113666666666667,-12.034166666666666,40.82873333333333,62.978585432882625,2.9681099833235134,3.8381943704166663,0.4706690888778866,-0.0006265443573709,23.00032857612252,1.551667894070286,89.47336657457727,701.7161885245902,223.3760247639208,157.75045932031782,47.71395076201641,2.098707667126736,1,13,1,-2.5923540032488717,-0.49187057056632,-2.5923540032488988,-0.10132251736197852,-26.62421393812849,-26.624213938128502,-0.7748342868557072,0.047128876631989135,-0.26429694721861696,-0.26429694721860386,52.14057492084899,6.441442878690156,5634.9060607846395,0.5671829191046319,5.560463986572412,2.5048269301572086,343.4161718887692,0.30333107405041576,2057.916830027135,142.94681161541834,0.706210344136258,7898.684791795862
31,40.44006666666667,-14.612033333333333,22.280466666666666,63.04331531160342,3.1202181315441333,3.955213627500001,1.1502229697773372,0.0010894526713893,21.706770445067388,1.5387124161782353,89.4776878795073,711.2433274021353,254.76036283057556,177.42298331839262,64.01425178147268,1.5871028482020575,3,13,0,0.004321304930030578,-0.4875492656362894,-1.2940163491593961,-0.10043235332289949,19.67252399807481,-3.47584497002683,0.15203143889873424,0.04949324311581441,-0.09978353424889422,0.06472987872079727,48.428604202716116,1.3647360802786561,5640.970090341015,0.5043184693530801,4.414234480703529,2.814302826987182,353.90337045821894,0.7475230313889286,1942.2716307558535,165.39919931014697,0.6964308785993724,7682.099222272202
32,44.180166666666665,-15.424033333333334,21.049566666666667,63.32740529265516,6.813719412562048,5.987818029583333,0.604686808324258,-0.0003317735140548,22.07331493890422,1.6546103099209797,87.4510296564521,723.9835247883918,244.79401444360377,173.6837504421599,65.61743341404359,1.0756255460948068,3,13,0,-2.0266582230551933,-2.5142074886914827,-1.0111684590625782,-0.5179123272840964,-3.739232876232734,7.966645560921067,-0.02414152161886314,0.10759511432805091,0.17440992988627682,0.28408998105173566,51.311521004708744,-0.4145269580701194,5538.046798314148,0.5035072592013595,7.824887871624627,2.7426316757631692,523.6408520825307,0.36545572374267177,1930.33411933832,161.36506609993577,0.7095097927003177,11558.489442893859
33,37.82726666666667,0.6402,17.348233333333333,63.26817128902776,4.868826183887628,4.367716575833333,0.7700105286718354,3.9747252242587465e-05,23.852703115455103,1.5760079410378338,83.39380689469256,748.7710674157304,178.15155366770938,145.4650715617322,45.625,4.750091610575126,4,13,0,-4.057222761759547,-6.57143025045103,-3.041940492407365,-1.3536769538330806,-28.21867888042769,-15.978955878330195,-1.3536570572409679,0.07695538032299665,0.11242798871218539,-0.05923400362739528,41.62058576352439,-3.4040092195958636,5276.173659057513,0.5732909311223287,7.910766676294993,2.299182453022424,364.24051269579275,0.4885828989952725,1989.1677175266946,123.0805417431472,0.8165242938776474,8688.1208119539
34,45.92874484991171,-7.068606533254856,-0.8833505002942907,63.14428398099789,3.1709201420255866,11.162531547916666,2.5115642071147537,0.0035298938782658,23.2246623795745,1.614704062218772,97.9298112878062,662.0619481236203,276.7012451626947,206.47995611325183,71.04972375690609,1.6948107558753638,2,13,0,14.536004393113643,7.964574142662613,5.239390815677058,1.6406566079396887,61.01488455151963,16.398102835545984,1.5210429689072806,0.050217057540470594,-0.09156065582861682,-0.12388730802987169,46.47789915558399,-2.416810924562369,6183.707814162768,0.4742824081181538,-2.068470673651471,3.2699706105689246,1093.1446079816624,1.5554331384189386,2274.386804054743,184.74364167761755,0.746219829953587,25387.91445242643
35,37.23746666666667,-12.810833333333331,27.361366666666665,63.04226805767168,3.4568248646218485,0.3108312566666667,0.0839963589350055,-0.0001176367631661,21.453429254763055,1.4846924063144074,82.49211054765847,784.1950261780105,276.7705202357355,203.0249661165403,70.90432503276541,2.303752722880265,1,6,1,2.8048646249203415,-3.5176488563269572,2.8048646249203237,-0.756086118404779,-18.89117913520485,-18.89117913520485,-1.5091570111585104,0.054833447005103175,-0.12218007414268217,-0.12218007414267618,47.95196304963263,-10.703962271760853,5200.48974578857,0.4063151036015506,0.6519602397015247,3.2204577841386244,25.641126386614275,0.05657492324859236,1769.738657710284,183.56660379501375,0.7335498229494115,550.0900909476676
36,40.69446666666666,-3.015833333333333,32.1517,63.158120251651795,3.658211714015143,3.8263417570833336,1.8875737279737743,0.0025850269479599,21.60709947554196,1.6186957958532346,88.73825833849966,740.9610630407911,298.36333865497215,225.76256564301775,81.31188118811882,3.8961933429583175,1,6,1,6.246147790841192,2.728498934514235,4.525506207880787,0.5864656344984237,22.737599526477453,1.9232101956363061,1.092072901438949,0.05792147865451187,-0.0031639400812684265,0.11585219398011759,51.95061771402616,-3.352653803683657,5604.5415910651045,0.3930601058359473,-0.8672944938656442,3.574561135906387,339.54290333144957,1.166107759598406,1917.376375206303,201.81259516203625,0.7566699268776113,7336.537288496958
37,37.99576666666667,24.228233333333332,28.963533333333334,63.35059824670102,2.442505909596961,8.733028335416668,0.52058505122262,0.0003011497608207,22.86674912960212,1.5998266458695969,90.43171812662771,723.650482509047,296.2799743481296,213.47385698457532,83.09178743961353,0.8326436382751125,2,6,0,1.6934597881280524,4.421958722642287,3.9698037894846214,0.9504591682979521,-12.288708658442431,5.224445434017529,-0.3137815957480739,0.03855537243839926,0.15416509451467306,0.1924779950492237,53.56838468904334,2.808210819705364,5728.903443798902,0.4236196365231846,-1.5272978798876604,3.3697211947950434,789.7427568202529,0.32540091300932944,2067.8794117604884,197.61520625743947,0.7205139579691711,18058.849497129097
38,32.2152,13.2081,37.4994,63.14834253328765,2.424679078127183,6.539327135,1.1644868804533055,-0.0015147131866724,22.96260042258061,1.602781465067205,88.69946408440312,740.9996909765142,287.3630889029791,216.9057256670749,81.4356435643564,2.3675906913222353,2,6,0,-1.7322540422245964,2.689704680417691,-0.019397127048257013,0.5781271680413447,3.4318686824995837,-4.428419987971393,0.07883150585172143,0.03839655928972407,-0.004888859182064233,-0.202255713413372,51.17106620943129,-0.3897757522974309,5601.224140520933,0.40893094639472793,2.44407620517544,3.434860101322159,580.0348123470952,0.7265412695575927,2036.7703514671887,195.2348193781368,0.7548141499143881,13319.107627112873
39,41.544866666666664,9.4104,7.1321666666666665,63.288852884214194,3.2344912944119453,0.1666899029166666,0.077675490835812,-9.776368498718424e-05,21.55743516655088,3.4334588493744316,81.65176923291617,783.843954248366,218.53003502183097,177.07064215251802,61.12565445026178,3.819122193994069,1,2,1,-8.358945984222117,-9.4909309617357,-8.358945984222146,-1.3987662616487473,-4.189797641235515,-4.18979764123553,-1.1591897631574535,0.051106808656010694,-0.1329423330421646,-0.13294233304215197,43.19026945820345,-10.08052090339048,5167.646810717838,0.46112538916225787,11.593437278634092,2.797817171353198,13.61052548640886,0.022623102312690976,1760.2027214727643,152.24211054153693,0.8102805737198954,293.4080207559474
40,26.0699,-51.94193333333333,12.9534,62.9642892449012,3.90872270924306,0.1533961204166667,0.0512065006433354,4.2813725760629645e-05,22.20867195762155,2.1034575093557737,88.66045085635018,733.858629130967,245.22964833558387,195.7326858002852,73.16176470588232,2.240001829700496,1,2,1,7.008681623434015,-2.482249338301685,-0.675132180394048,-0.3658320391766236,18.662043647767177,7.236123003265879,1.056252410762613,0.06207840596818275,-0.2287529861775635,-0.32456363931299137,59.543217044214565,3.1362133413103286,5582.442272302581,0.45296701489013125,4.583854889637108,3.1086300669630034,13.600169195756653,0.024343967213779575,1969.0308686835078,171.37469961391716,0.7981607734984609,302.04169623670924
41,29.169233333333334,5.700866666666666,27.939733333333333,63.838073105842945,6.06845302635288,0.4323584129166666,0.2081832793319104,0.0002722833485096,23.30061025407808,2.106275024546483,97.07753938846771,667.694397993311,233.39230836617605,184.6946938562571,76.22767857142856,1.9160452378710875,2,2,0,8.417088532117532,5.934839193815847,7.712885077775783,0.8746721334386452,-11.037991944028107,3.8120258518695462,-0.25410959083497825,0.09506009080649161,0.27461011081438474,0.8737838609417423,40.79182213070818,-1.1992236637476348,6197.24305641635,0.5256108707617214,-1.6444320514229034,2.89317458966627,41.97229085985309,0.09883955177066005,2261.9659097155995,164.77156026462058,0.7913486744665302,977.9799907962406
42,50.896366666666665,6.840966666666667,20.3438,63.49936496919712,5.203106300602465,0.9489548933333332,0.2032473177966406,0.0002200460841356,23.18218637025073,1.719264994200782,98.313026278387,663.9154208194906,257.52967125970105,195.4176212047989,80.70953436807096,2.2892530762117937,2,2,0,1.2354868899192866,7.170326083735134,4.826287711018421,1.0567572613671696,10.722927348541816,-0.15753229774312066,1.018849894429258,0.08193950133401236,0.2675378621479627,-0.33870813664582755,55.236846065305194,-2.153185489454679,6242.814736877563,0.503091917551603,0.3768185895840439,3.077473581383379,93.29462736528392,0.11821756301803969,2279.110897808925,177.8856089441903,0.7588159463292818,2162.7734389251054
43,-47.8837,-4.8541,9.682066666666667,64.81040953436631,3.792318901989268,1.1956578433333334,0.0789837443996946,-0.0001104821028927,19.62195790527495,2.0236224027992673,74.62126183849759,861.5301724137931,227.12095493363012,202.83532912224223,79.13669064748203,1.7134434587061358,1,17,1,-4.571092740987666,-15.902363149815955,-4.5710927409876865,-1.2672212317075215,-6.314121079210764,-6.314121079210765,0.3375667887548985,0.05851404009379629,0.14765761988453785,0.14765761988454074,49.09331346973616,-0.8093079442514929,4836.23453972421,0.3678908491608725,8.363411642976954,3.1296720303088796,89.22149699663,0.0390308707249123,1464.2152586334996,169.69765823445144,0.8930718399872671,1750.7004583134892
44,-48.0338,9.439566666666666,18.25186666666667,64.73831876802149,3.167309545450747,1.0503217966666667,0.0393743801831574,-1.483081546020886e-05,21.400713357111904,1.5796815257147003,92.52718693326544,708.0320247933885,271.3124002208401,210.0533890135348,82.38770685579196,1.3125257340080392,1,17,1,17.905925094767852,2.0035619449518975,6.667416176890106,0.15965905266813413,7.218059891292569,0.4519694060409352,0.749457209338825,0.0489248038213697,0.03778342676984995,-0.0720907663448287,52.244444662683726,1.1709116243480453,5990.054522394051,0.4404936617652467,-3.500106631439359,3.244653085934646,97.18332122025988,0.024925517923837924,1980.1478052987238,187.91783203005562,0.774212269113235,2079.7924005269124
45,-51.577133333333336,8.676366666666667,15.891066666666667,65.01779922362523,5.272610117360521,0.99798766125,0.0395063963058916,-1.956356348368956e-05,21.16015529863469,1.5243731137418943,89.6939370226199,730.2641595615104,272.8412488693813,210.20026531620113,84.02439024390243,2.3281820527017523,3,17,0,-2.8332499106455344,-0.8296879656936369,7.536337592061166,-0.0661158468030185,0.14687630266632823,3.682468096979462,0.7578385393624267,0.08109487217839627,0.1036948446294623,0.27948045560374624,54.66265655109833,2.7846715406810962,5831.702388913187,0.42670705701054945,-2.2637274747006453,3.232964889510697,89.51344243750923,0.025916487210217744,1897.937636744597,189.02196814316162,0.7704123411956357,1894.1183432930923
46,-44.9276,-13.604933333333332,9.741033333333334,64.71172917161931,4.3574619086873225,1.0209817645833337,0.0885959352231193,4.8487832943635755e-05,22.1884367694095,1.69736070966277,97.99264277535131,656.8325109649123,230.7775967751172,176.79542084107467,77.3874862788145,1.8590671253374045,2,17,0,8.298705752731408,7.469017787037771,2.7327279210429563,0.5951881384273967,-33.40484447512645,-16.628984086230073,-1.1483711135941355,0.0673365086123889,-0.013294798201072978,-0.3060700520059214,47.94237356624675,-2.151035548218486,6341.273360089772,0.5542713818881525,1.6247339876443663,2.7320459578534346,100.04870133696245,0.05219629199542474,2174.303558088215,161.65350129833544,0.7660857176416227,2219.924283476727
47,-39.25391949152542,1.2819915254237289,43.369597457627115,64.30991659573284,5.7127652474015145,1.0486053379166669,0.0631423246240881,2.6409113814517904e-05,23.273588871479344,1.668637778593688,109.11436678066175,589.6324975417896,217.721587758501,172.48454461623865,65.05905511811025,2.5233971439647034,2,17,0,11.12172400531044,18.59074179234821,9.71021487902093,1.481451686803458,-4.310876224836022,-18.8578603499812,-1.394366387680867,0.08883179375450431,-0.35394131394619405,-0.401812575886467,58.51013315106225,1.9237382999819599,7017.13582706056,0.6326037291678909,-3.997449631619415,2.682083122863207,114.41790744959896,0.03784064189011941,2539.482912424925,151.75506249761665,0.79222527445262,2662.91533751694
48,28.740833333333335,10.8389,35.4665,63.18837773499178,3.0416036154189583,0.2895293495833334,0.0077733219927652,-2.6194428380103584e-06,20.46260582974099,1.3699899033014726,80.36948600611204,816.821355585831,275.26204396982047,226.94781091082493,79.94542974079127,2.7307477010437635,1,16,1,-2.303647876920138,-15.395175038832022,-2.3036478769201696,-0.9384363689591696,-0.9860889963132422,-0.9860889963132791,0.8363742483739073,0.04813549143760676,-0.15250922022862015,-0.1525092202286089,46.91897138849534,-4.251265399982478,5078.417440121344,0.35413201532734667,5.345251492339128,3.5916068026152446,23.269325009696434,0.0056739994754944146,1644.569112881955,194.05176154047888,0.8244791313680259,476.15102559755206
49,36.13863333333333,-36.283833333333334,20.5572,62.73276288411418,4.025385396725796,0.4662907720833333,0.1627961500543091,0.0001911565519416,20.83248876223635,1.6957885637464236,89.08139166143852,732.1019254278729,240.99930749702435,213.4797871468963,62.66829865361076,4.326568884301203,1,16,1,8.711905655326476,-6.683269383505547,3.204128889203169,-0.4073888758791764,-13.468023763928613,-7.227056380120913,0.46265350542956474,0.06416719448754177,-0.30406203555308975,-0.4556148508776019,55.18256837446244,2.006165792992318,5588.321820483929,0.41728255604292264,0.821256507522627,3.4030030550105543,41.53783089606998,0.09600026414534336,1855.7870907112926,172.3824644325105,0.8858107907614307,865.3363953500516
50,24.787333333333333,29.5104,26.2709,63.45528764647064,3.0468294510311797,1.8431529133333333,0.5432239308308484,0.0007489543301031,22.87483338349744,1.7339108570981066,114.92837096391504,554.1387476894639,202.35915095963543,156.81302028010873,50.13876040703053,2.136100077540006,2,16,0,25.846979302476527,19.16370991897098,17.2794424789015,1.1681531588165903,-56.66676686678758,-35.06739531535807,-1.1097780988589205,0.04801537529868314,0.1334549557394402,0.722524762356457,46.64156717722699,-0.1387021056341719,7292.812838255513,0.7329006865993811,-14.232613027870322,2.471236418980983,211.8305617667941,0.3132940361997585,2628.9673368363415,136.43697721559155,0.7749242845528059,4845.588805948078
51,41.8241,-23.735033333333337,19.992433333333334,62.780370697647754,1.6567905920574146,1.5549653445833331,0.271087056507204,-0.0003604898106635,22.02244191700114,1.8125669868506016,111.77092271022254,570.7213368220742,179.46382299750815,158.8596521770589,46.09523809523808,4.602581253718162,2,16,0,-3.1574482536925075,16.006261665278473,11.344765524392033,0.9756860860553009,2.0466318969501742,-27.31006748491871,-1.0529866343895486,0.026390264562733634,0.02380390676679883,-0.674916948822883,52.07979011797401,-1.551389128244212,7017.019960965907,0.7035828196455077,-9.687974932334619,2.530403179868574,173.79991134649828,0.1495597450873952,2461.468653395499,128.13957108993506,0.8851903939395332,3827.4984528082055
52,-39.7853,-9.423566666666666,32.12166666666667,64.20631814256436,2.3388124997833084,1.2758741366666668,0.5976374789623902,-0.0008416029761949,23.659430235472435,1.5571317245300995,80.75454935460404,849.7562056737588,286.86407269772036,293.5870490112393,82.38636363636364,4.30683622443977,1,3,0,-6.357339354714142,-8.164497791429099,-6.357339354714142,-1.0775928216544006,28.812765715194473,28.81276571519444,0.9978976254688544,0.03642651638410702,-0.5991957000960999,-0.5991957000960895,51.994953353720355,-2.701892661403984,5184.952287321122,0.2750616873309383,8.696151854497451,4.5725569216848525,103.03264093971116,0.383806629553284,1910.6066266522698,220.94582844844106,1.0234361042506817,2437.6935802895773
53,-34.07306666666667,44.729166666666664,11.220933333333331,64.98261467817737,5.765884400580642,0.4515118825,0.0763068935116034,1.350608235956368e-05,23.991911871909288,1.626150816653256,83.18850213915312,822.2870879120879,317.25449532510805,282.7557501768478,83.63136176066027,1.8250953335821476,1,3,0,2.433952784549078,-5.730545006880021,-1.9616932850825253,-0.756347092170685,-10.831298834391475,8.990733440401534,0.7173308339767259,0.0887296460620406,0.0885504177584677,0.7762965356130138,57.33743600508019,1.320294994977948,5405.806380163321,0.29420622495888116,7.727577685663167,4.35125221147113,37.5605972032043,0.04692485637257735,1995.8512120786988,227.8805357542054,0.8912584513171122,901.1505379555601
54,-46.143633333333334,3.4674666666666667,14.828166666666666,64.94812261675426,4.604957679036839,0.6194641637499999,0.7636230875833427,0.0005592704457505,22.87046280683821,1.562146685420445,95.4329178657948,697.1769499417928,259.582543800971,236.2516539196163,76.34032634032633,2.4677486993153748,2,3,0,12.24441572664169,6.51387071976167,7.3391842555954,0.8597344880377894,-46.50409625723151,-28.66769754581145,-0.48728047604494795,0.07090209067642744,0.37090223709495856,-0.034492061423108566,48.59148844170139,-1.7017324560094862,6198.1888512222795,0.4039460290691529,-2.7342265765585614,3.637543946822691,59.117272659957,0.488829310787685,2182.594998597706,190.72484135363788,0.9101214991588836,1352.0393856112598
55,-60.7996,-0.3747,-9.908966666666666,65.49408249076565,2.277152906471418,2.8481599458333333,1.1964771365742242,-0.0015727037548765,23.809410386009716,1.6281199856753463,98.1073776612955,664.0711517165006,251.7392039423976,197.94700207969584,79.49002217294901,3.0396150538254147,2,3,0,2.6744597955006952,9.188330515262365,7.459437761071196,1.212723581924284,-38.30465183992047,-42.40437404857598,-1.4794988083307943,0.03476883437205927,0.2557339062941381,0.5459598740113876,61.602916981674746,2.132740488297283,6425.4526855015865,0.495624465816218,-5.182284854599778,3.0223646401221176,279.42550344564575,0.7348826542890964,2335.878816633027,176.39207606501415,0.7863177406606466,6652.956483854751
56,-45.9621,-11.190633333333333,4.8303666666666665,64.84272035426652,4.123071313765055,0.2948246991666666,0.0122942660526631,1.6092675603763547e-05,20.401068627404292,1.674978786461869,78.20143365816713,797.8944740346205,216.2460861880896,148.6585896085517,71.46666666666668,3.731937418732536,1,14,1,0.8315428456706684,-17.162678964583563,0.8315428456706639,-0.9644622477324131,3.842592530852073,3.842592530852056,-0.13514713690792157,0.06358572390607245,0.3270717380788256,0.3270717380788284,47.550787090704986,-10.520646399035334,5070.793693999257,0.5260471886491068,3.2915284680943913,2.2926025697835746,23.05571415267116,0.007339953288980343,1595.3928148216717,145.457114154436,0.6874510065317404,470.36120668246076
57,-48.149566666666665,-23.032233333333338,9.1607,64.91305152035221,5.369137949065813,0.3209087370833333,0.0176718916362621,1.800587110041214e-05,22.758195958236065,1.8369555716291217,97.9395624653111,650.9059446254072,205.4973555265292,174.36798135370523,45.434782608695635,1.857446947871504,1,14,1,19.738128807143966,2.5754498425604027,10.28483582640732,0.1447282297363747,25.70939174515354,14.775992138002827,1.6004957901367662,0.08271276458760261,0.19870145208226703,0.07033116608569401,54.15517488660607,-1.9581293015671148,6357.555864191493,0.5616831779738142,-4.915697877341508,2.686177503346274,31.429661301237218,0.009620206339878767,2228.927754649452,141.76670649631,0.848516911115164,715.2823907945453
58,-40.8596,-27.9882,-2.7019,64.67439392530473,3.7707210266968487,0.3362405541666667,0.0189885963401168,1.2338612020597845e-06,23.02000548095368,1.5650067703496249,119.10134506882312,533.8379341050756,192.00378113240356,151.43774473747575,47.41532976827096,1.448414064184632,2,14,0,21.161782603512023,23.737232446072426,20.44995570532801,1.3339213887953343,-22.93023661622948,1.3895775644620365,0.052473830188132356,0.05830315211073827,-0.08416321448088382,-0.23865759504748496,49.599864062414525,1.0245384858547748,7702.807308014716,0.7864706681205539,-16.67923467863116,2.341540959329852,40.04670226793648,0.012133235906624684,2741.713616273264,130.2856185460501,0.7887227212106102,921.8753057020181
59,-35.646433333333334,28.507533333333335,21.992233333333335,64.45771579781406,2.3384626277891645,0.340223295,0.0293075975701775,-1.9398918940779667e-06,22.989659672723626,1.5121277712701535,104.20833110895568,599.0103646353647,164.54764578800572,134.02204051758576,36.39999999999999,2.990783652940718,2,14,0,-14.893013959867446,8.84421848620498,3.1343843218222993,0.4970036937848639,-17.41570421988999,-20.172970418059737,-1.1232616422176875,0.03627901793982697,-0.22766786126907007,-0.21667812749066684,50.66562930751642,-1.744772789544814,6717.0309903855705,0.7775462150028652,-0.7959216940331348,2.079224136001833,35.454101776339904,0.019381693879981964,2395.714067257389,111.65656210186383,0.8144877422935148,815.0777338401606
60,40.65233333333333,-8.2645,32.57183333333333,62.91146803455791,2.7946955236896884,0.2973320604166666,0.0193048022645083,1.9947381446160415e-05,20.801882075044887,1.342825552077869,90.49915377528714,702.21018735363,223.37282146412812,163.20081211436803,56.85814771395076,2.8433882090640212,1,15,0,-0.3040691287594939,2.1036578636299765,-0.3040691287595005,0.6747997002496388,-10.021927615659905,-10.02192761565993,-0.8670012821993399,0.04442267222495164,0.12589191837414931,0.12589191837416536,52.743136922152146,-3.529485693616072,5693.434619888518,0.5545263656981112,3.098764652449189,2.594134497554336,26.908299857970878,0.014376254782042483,1882.5527247248763,147.81059376414896,0.730620722094325,559.7432804854573
61,44.41393333333333,-9.101266666666668,10.2138,63.06853152547473,2.957554939506604,0.4716849370833333,0.1177367114537409,0.0001531670913436,20.81427264409881,1.5071543335673552,87.72796281815766,730.7545731707318,251.2749844823751,183.31519606168743,70.08547008547008,2.424995303351306,3,15,0,-2.771190957129477,-0.6675330934995003,-1.5376300429444754,-0.21412756284565154,20.114383947319396,5.04622816582976,1.1459913360020486,0.04689430478196538,0.1414777046455053,0.15706349091681915,46.47313459963246,-4.899744008067867,5532.873788662651,0.47856350277733006,4.49518498245108,2.90660316200702,41.3799586223317,0.07811855019191319,1825.9937366084966,168.22521687651087,0.7295401746390139,861.2937407667393
62,41.202,-16.339066666666668,28.546033333333337,63.161913267526394,6.878052950179489,0.5258761941666668,0.0709900723228417,-7.551844224451994e-05,22.215868477483912,1.458949215165593,84.6800435794432,753.1014447236181,238.6031099632181,175.24554413932808,64.65408805031447,2.684907087254495,3,15,0,-3.0479192387144707,-3.715452332213971,-2.9095550979219653,-1.1918221890623992,-8.069651922359355,6.022366012480036,0.3384026077711324,0.10889557637443704,0.12522261648423944,0.09338174205166183,52.72045070563752,-0.011343108257310172,5348.553568055147,0.48320796692502943,9.787608048101454,2.774544536396794,44.53121903942507,0.048658357388255094,1881.240710828516,159.50091405095353,0.7344646269126295,989.2997053218947
63,37.80246666666667,-7.4361,27.451,63.04673438742879,3.3624668148553636,0.4163802895833333,0.0871675996802991,0.0001090940816304,22.823257986710264,1.5204053625271663,84.85914408161231,743.5445099255583,180.67784237464008,156.8878696295148,52.04968944099378,6.780731779578808,4,15,0,0.17910050216912055,-3.5363518300448504,-1.4344093682726593,-1.1343713234688197,-18.35767450981328,-13.213663216086294,-1.4987833270495405,0.05333292592432548,-0.010898569022962339,-0.11517888009760213,47.30623077665821,0.4165480885128829,5350.0919172579615,0.5408904062571173,4.796876183128023,2.488437643367613,35.33367498649554,0.05733181546756193,1936.7621379060552,129.87180048171624,0.8683293289732995,806.4295798353589
64,47.675155004428696,-13.672885296722765,-2.627657218777679,63.12543831932234,2.417769921964401,1.1987629054166666,0.300859129419646,0.0003977100427296,23.62694596933169,1.6575838680487012,91.80344831139593,698.2808857808858,239.29825248587716,179.31262345196745,76.66277712952159,2.7204553469064363,2,15,0,6.9443042297836115,3.407952399738761,3.561702365976374,1.093184066462462,22.424753822452658,2.0335396563197423,0.7454247992250105,0.03830103974461173,-0.018237474102027744,0.07870393189354985,49.666616348338394,-1.5269171786495568,5795.13291388212,0.5119742605517849,-1.143932444011973,2.840576246050471,110.05056842503775,0.1815046195966034,2169.035113051686,165.0912176891221,0.7493269239922681,2600.158834072607
