,timestamp,ACC_x_mean,ACC_y_mean,ACC_z_mean,net_acc_mean,net_acc_std,HR,SDNN,label,subject,focus_label
0,2025-04-30 00:02:00,38.022666666666666,-24.96066666666667,-28.685,62.912806567396,3.697445489354553,86.14497522444333,206.32555686575503,1,8,1
1,2025-04-30 00:03:00,39.440333333333335,-46.955666666666666,8.793,62.50931936153619,0.8820390906735236,65.16973616905366,111.3752298920011,1,8,1
2,2025-04-30 00:04:00,38.92333333333333,-47.723,2.584333333333334,62.509539856734385,0.8809617278874414,72.240500123101,161.16667128911936,1,8,1
3,2025-04-30 00:05:00,47.69266666666667,-29.041,22.627,62.71816744622275,1.718566899357033,71.58198219994726,139.51664638687424,1,8,1
4,2025-04-30 00:06:00,56.175666666666665,-0.8076666666666666,24.52466666666667,63.1889999701651,2.5631262364168967,69.26662431530684,46.58575697600802,1,8,1
5,2025-04-30 00:07:00,49.833666666666666,-22.594,-0.0843333333333333,62.90486032290058,1.5997544883618977,79.21675913038496,171.58755006403268,1,8,1
6,2025-04-30 00:08:00,46.174,-31.084,11.585333333333333,62.83410386732106,3.193126658523763,77.46389268919833,156.0134961846035,1,8,1
7,2025-04-30 00:09:00,53.68533333333333,-4.781666666666666,-9.681333333333331,63.13689424276134,3.5375488752857676,76.45672039930807,169.41419654562267,1,8,1
8,2025-04-30 00:10:00,39.181333333333335,-47.80266666666667,0.1693333333333333,62.59246837964369,1.0044412094824633,77.93904857393446,153.6844878941615,1,8,1
9,2025-04-30 00:11:00,37.807,-45.825,-17.308,62.79908040394039,0.9788600952627128,77.54796003835318,202.76287145999757,1,8,1
10,2025-04-30 00:12:00,37.784333333333336,-41.407666666666664,-22.417,62.92952987486232,1.1566920054523322,69.70021082310613,87.79979266871126,1,8,1
11,2025-04-30 00:13:00,36.431,-42.163333333333334,-24.649,62.89755111384809,1.3419130178719303,91.70988435993802,195.41605706518973,1,8,1
12,2025-04-30 00:14:00,44.68566666666667,-19.626,6.534,63.40423176488827,6.535574009807084,84.17888031343163,162.92619024759264,1,8,1
13,2025-04-30 00:15:00,32.464666666666666,-7.829333333333333,38.041,63.53557479226535,7.117096960825419,82.83683516021816,158.06887454849817,1,8,1
14,2025-04-30 00:16:00,12.668666666666669,1.9443333333333332,58.854,63.00880602178686,1.386373101117833,78.56437912233257,100.76341534093362,1,8,1
15,2025-04-30 00:17:00,37.227666666666664,8.041666666666666,43.51566666666667,63.38157804528802,7.030165798594735,75.19226763552501,134.6773577574027,1,8,1
16,2025-04-30 00:18:00,28.702,-4.398,44.55533333333333,62.99789360832153,3.056370546023762,78.10144211598563,166.88261420292773,1,8,1
17,2025-04-30 00:19:00,43.86066666666667,7.677666666666667,42.531,63.03913745804135,0.44251012738194,86.07443728070747,199.0379615429948,1,8,1
18,2025-04-30 00:20:00,56.55566666666667,5.411,27.442666666666668,63.21357387636393,0.8426611284972978,79.21782054639777,159.00679143427251,1,8,1
19,2025-04-30 00:21:00,53.95366666666666,8.069333333333333,27.063333333333333,63.42785382929292,2.2958713545230247,90.06809804145271,212.28869534984625,1,8,1
20,2025-04-30 00:22:00,38.864666666666665,9.809,28.828,63.47624632340982,5.462095387590312,93.20074727322336,219.29501922779903,1,8,1
21,2025-04-30 00:27:00,28.21066666666667,24.598666666666663,50.786,63.097123634943486,0.4020642527301069,91.33898323994094,217.41215046218983,3,8,0
22,2025-04-30 00:28:00,28.726666666666667,24.265,50.690666666666665,63.12282555233132,0.3613321970355997,70.9248728140638,184.5765161138725,3,8,0
23,2025-04-30 00:29:00,21.092,-30.997,33.474666666666664,62.785042378655355,5.072486587179734,77.23097276442405,187.35413705740805,3,8,0
24,2025-04-30 00:30:00,10.768333333333333,29.98966666666667,4.978,63.96695170051981,5.891102625431576,75.73427030676818,171.10929275455584,3,8,0
25,2025-04-30 00:31:00,19.977333333333338,49.064,-19.705333333333332,65.29318077668235,10.735387466853618,77.8423540411758,191.30091268762837,3,8,0
26,2025-04-30 00:32:00,11.028333333333334,-38.46333333333333,-12.580666666666668,66.03614542106212,14.013130673110474,74.40392336038903,158.06976025522044,3,8,0
27,2025-04-30 00:33:00,32.876,-14.401,40.153,62.9019215335694,2.4991199887182636,72.74189666422916,143.41803330781946,3,8,0
28,2025-04-30 00:38:00,46.144,17.911666666666665,6.084,64.82842890437897,14.758380866134445,92.56611267482802,249.4541902774579,4,8,0
29,2025-04-30 00:39:00,32.047666666666665,54.68566666666667,2.224,63.49326452275024,0.6772692060023853,74.58837223206079,209.75323960209215,4,8,0
30,2025-04-30 00:40:00,24.078333333333333,55.922333333333334,-9.935,63.7266915752328,3.779036148078859,70.38738529546207,180.06560933624615,4,8,0
31,2025-04-30 00:41:00,14.129666666666669,56.155,-26.301666666666662,63.696026281897794,0.7667480436573424,69.26819572273511,134.01989289933397,4,8,0
32,2025-04-30 00:42:00,12.296,35.91733333333333,6.559666666666667,64.42322064547119,8.323799713167967,72.93649435925686,182.8622416674401,4,8,0
33,2025-04-30 00:43:00,-11.242666666666668,-0.5463333333333333,61.85166666666667,63.18698386972192,1.4070309570754254,74.45867016577597,180.2528263120856,4,8,0
34,2025-04-30 00:44:00,21.796666666666667,7.136666666666667,49.092,63.59475577809714,6.6469820864445355,76.03104622858312,171.784101813543,4,8,0
35,2025-04-30 00:45:00,36.277,-8.744333333333334,2.8636666666666666,63.113975613776866,5.0394856440824025,91.29310656464648,237.7408915696844,4,8,0
36,2025-04-30 00:54:00,48.426,14.726666666666668,37.64266666666666,63.089264583138224,0.2875662685033777,102.43601852181386,188.61163933036997,2,8,0
37,2025-04-30 00:55:00,47.833666666666666,15.134,38.245666666666665,63.08925252999319,0.2547192050368451,98.71969155132476,204.2729315292547,2,8,0
38,2025-04-30 00:56:00,39.94133333333333,-1.769,29.659666666666663,63.172226755238285,3.5887463156497392,100.33275231001716,211.78845532888457,2,8,0
39,2025-04-30 00:57:00,22.440666666666665,-25.463,26.250333333333337,63.39778602915868,5.200005762914644,96.85639633470926,178.49273954069204,2,8,0
40,2025-04-30 00:58:00,42.77302631578947,25.03070175438597,20.18092105263158,64.13251682281785,8.786858509286104,93.5662763461766,199.6323529411765,2,8,0
41,2025-04-30 00:01:00,39.45766666666667,22.04,37.024,63.261221789535085,2.0375191684785796,96.04199088913786,197.6270399683527,1,9,1
42,2025-04-30 00:02:00,37.40833333333333,26.242333333333335,41.82833333333333,63.218184521815274,1.0705819752426846,84.5639382475732,158.21262868316057,1,9,1
43,2025-04-30 00:03:00,32.887,24.833666666666662,46.84133333333333,63.19166066932059,1.0421237227124656,85.01629891195252,199.7371312955577,1,9,1
44,2025-04-30 00:04:00,31.893,26.414666666666665,44.344,63.24009181617009,1.631498416296214,81.60695785149025,132.94462164986058,1,9,1
45,2025-04-30 00:05:00,27.386333333333333,48.971333333333334,12.658,63.688424100925275,1.010759882801886,84.82377889021325,172.75368157198625,1,9,1
46,2025-04-30 00:06:00,19.491333333333333,25.026333333333337,43.377,63.28983007649623,2.331539310176667,82.57787962242895,132.1282472189309,1,9,1
47,2025-04-30 00:07:00,34.77766666666667,16.671,42.894333333333336,63.31908177744966,3.6332101775119146,89.60742440427366,199.10453967045308,1,9,1
48,2025-04-30 00:08:00,35.818,20.350666666666665,46.739666666666665,63.242280111840365,1.912504358736836,87.83944324718131,146.62529095956347,1,9,1
49,2025-04-30 00:09:00,27.015333333333334,33.906333333333336,31.485666666666667,63.52801402573299,2.584202123081455,79.75106482903703,129.4562732642894,1,9,1
50,2025-04-30 00:10:00,36.126333333333335,16.076,47.466,63.14017401822181,1.637098535621282,84.3453249368143,200.43545429105393,1,9,1
51,2025-04-30 00:11:00,34.78,15.305,49.352666666666664,63.042172772466344,1.4717740292486308,86.38028100502356,187.8658540064226,1,9,1
52,2025-04-30 00:12:00,37.466,18.315333333333335,43.12466666666667,63.21591352843058,2.0357496815636797,92.69750958916138,182.3306153502759,1,9,1
53,2025-04-30 00:13:00,50.03033333333333,14.168333333333331,23.881666666666668,63.294655927899605,3.18332074551141,86.75008739255141,174.2422512779025,1,9,1
54,2025-04-30 00:14:00,49.64833333333333,11.904666666666667,23.206333333333333,63.25892106104372,2.71948025536226,89.28179904912996,172.3680188934567,1,9,1
55,2025-04-30 00:15:00,22.250666666666667,19.048333333333332,51.031333333333336,63.21354230722409,2.1600313977944845,84.6600652780761,181.41492980879732,1,9,1
56,2025-04-30 00:16:00,33.165333333333336,-35.179,15.703,63.68108963415242,8.02767025192935,85.30162907704909,207.07996719657345,1,9,1
57,2025-04-30 00:17:00,35.92166666666667,11.702333333333334,3.502666666666667,63.46012777995061,3.956536636041887,87.71225038288071,199.03292497626964,1,9,1
58,2025-04-30 00:18:00,31.870666666666665,-27.522,7.286666666666667,62.87634979640824,3.1108363740927514,79.06211985975501,129.32429799373028,1,9,1
59,2025-04-30 00:19:00,38.11666666666667,-29.463333333333335,26.627666666666663,63.62700409547352,8.20223647354363,82.82013211322696,169.82938682820657,1,9,1
60,2025-04-30 00:20:00,60.36366666666667,-14.108333333333333,-0.0416666666666666,62.89838742951445,1.4946099045229084,86.62761962413951,138.78283950518292,1,9,1
61,2025-04-30 00:31:00,45.07266666666667,29.87,-0.6593333333333333,63.39372254469925,3.039069253191059,96.0737248241631,148.05679330314388,2,9,0
62,2025-04-30 00:32:00,13.798,57.238,4.762666666666667,63.74662984389026,0.7693180179264509,93.17244504284156,182.0136037102453,2,9,0
63,2025-04-30 00:33:00,20.655,57.96333333333333,4.583,63.88039050959512,1.4374891332791515,98.13813230590888,168.16600191963977,2,9,0
64,2025-04-30 00:34:00,41.398666666666664,21.778333333333332,30.812666666666665,63.277883807097616,1.9239943421916832,97.06440745179044,184.11938390273073,2,9,0
65,2025-04-30 00:35:00,53.32633333333333,33.785666666666664,2.734,63.43512438881448,0.5980471906970785,100.7033276567258,194.88544699237576,2,9,0
66,2025-04-30 00:36:00,59.53066666666667,17.407666666666668,-2.138,63.096689358212366,1.1036871688051029,88.84609718315741,185.8522783343801,2,9,0
67,2025-04-30 00:37:00,33.66,-2.215,47.154333333333334,62.98184667360847,3.604209055452478,95.84843675911496,170.84535457143417,2,9,0
68,2025-04-30 00:38:00,30.659666666666663,7.216666666666667,54.591,63.02974241011187,0.4060850259223821,81.08366136189876,144.317120410834,2,9,0
69,2025-04-30 00:39:00,30.513,6.950666666666667,54.797333333333334,63.10932678161162,0.3334763936060335,80.65849236704501,132.0562877550585,2,9,0
70,2025-04-30 00:40:00,30.11,6.998,54.99466666666667,63.088015861615034,0.1640771503782797,85.92831235703842,179.77144353767952,2,9,0
71,2025-04-30 00:41:00,30.083333333333332,8.140666666666666,54.49733333333333,63.14888217448837,2.260976215247928,97.2450303419598,187.3832512215036,2,9,0
72,2025-04-30 00:04:00,-32.16766666666667,-8.092666666666666,-55.486,64.70536782401982,0.615121742667353,86.06559181584203,207.97485569380456,1,4,1
73,2025-04-30 00:05:00,-32.870333333333335,-8.888666666666667,-54.943666666666665,64.67664994117358,0.5192485469977175,75.79177990200961,186.17359436662076,1,4,1
74,2025-04-30 00:06:00,-32.858,-8.101666666666667,-55.164,64.72700933425801,0.366873242700778,69.56270166957736,211.3572759899817,1,4,1
75,2025-04-30 00:07:00,-24.466333333333335,-12.841,-57.645,64.54315951399991,1.5036267102229337,66.73981663822006,207.24860143766193,1,4,1
76,2025-04-30 00:08:00,-20.549666666666667,-11.095666666666666,-60.07,64.46901824783046,0.4736589781372626,62.88262475754229,222.9822556700937,1,4,1
77,2025-04-30 00:09:00,-19.189,-15.451333333333332,-56.91833333333334,64.36175288422223,1.008347990681072,66.69022443741856,232.25955028354957,1,4,1
78,2025-04-30 00:10:00,-17.779666666666667,-7.307666666666667,-61.43833333333333,64.39195146470699,0.5127571551443534,63.30745175643827,217.00820119266243,1,4,1
79,2025-04-30 00:11:00,-20.027,-5.799,-60.971,64.44579420611558,0.3965801428058019,71.49313738348013,198.8921039907084,1,4,1
80,2025-04-30 00:12:00,-29.959666666666667,-5.525333333333333,-53.345666666666666,64.65152501092422,1.0799600741877424,67.38514659341061,238.52549240013025,1,4,1
81,2025-04-30 00:13:00,-38.755,-9.133666666666668,-41.56966666666667,64.8980390957312,3.0285620673201947,64.74422419103927,215.15844951006687,1,4,1
82,2025-04-30 00:14:00,-33.767,-6.113666666666667,-54.836333333333336,64.71346255437732,0.500763640060023,78.03493084795642,199.68945447389453,1,4,1
83,2025-04-30 00:15:00,-45.49966666666667,2.824666666666667,-15.349333333333334,64.88714744782773,2.44276402541519,59.90973430920525,222.26902951016933,1,4,1
84,2025-04-30 00:16:00,-58.62466666666667,-2.4033333333333333,15.454333333333333,65.05087660035589,2.4321020110055342,65.49408166693276,213.1723177759538,1,4,1
85,2025-04-30 00:17:00,-48.11933333333333,-28.539,31.043666666666667,64.07220191900537,0.679907775759831,61.623133461382544,183.64567511783187,1,4,1
86,2025-04-30 00:18:00,-44.964666666666666,-24.154666666666667,33.467,64.0338887764919,1.7877606550833296,59.359055814190754,214.12561884819416,1,4,1
87,2025-04-30 00:19:00,-48.857,2.565,41.24433333333333,64.43975381361771,2.0899270578201765,69.74205111922934,234.44823074698303,1,4,1
88,2025-04-30 00:20:00,-49.88,8.421666666666667,38.358666666666664,64.62622449097256,2.603608017556605,83.12391901864748,203.22978066710604,1,4,1
89,2025-04-30 00:21:00,-46.80866666666667,18.747,39.64333333333333,64.32327679623383,0.9094295987529158,66.4764431476606,225.77571367840417,1,4,1
90,2025-04-30 00:22:00,-43.96233333333333,18.533666666666665,43.014,64.23919995312538,0.2125779442362692,60.33406139359459,184.98720196055908,1,4,1
91,2025-04-30 00:23:00,-44.20933333333333,8.699333333333334,36.129,64.26379297372583,1.6598933590570573,67.64285745037195,220.61604786831737,1,4,1
92,2025-04-30 00:24:00,-50.087,-32.33866666666667,12.969666666666669,64.66799498094319,4.303613808344485,88.9537146584055,276.9545375128344,1,4,1
93,2025-04-30 00:30:00,-64.983,-2.2623333333333333,-2.8413333333333335,65.19805702533614,1.1410638841371568,65.6421685785269,168.86366117972045,3,4,0
94,2025-04-30 00:31:00,-65.09533333333333,-0.6753333333333333,-5.4736666666666665,65.36550817726025,0.931669144701794,71.82197469352873,215.234801729652,3,4,0
95,2025-04-30 00:32:00,-63.156333333333336,0.2186666666666666,-1.598,65.26203389730951,1.6566829066212236,72.8255259587652,216.4749486564227,3,4,0
96,2025-04-30 00:33:00,-38.934333333333335,-28.449666666666666,40.153,63.64525531653296,1.28418937855731,71.69896286502862,192.91187993853308,3,4,0
97,2025-04-30 00:34:00,-37.82866666666666,26.194333333333333,0.339,64.92484035610306,5.013425781625255,60.91031300434273,93.185724024009,3,4,0
98,2025-04-30 00:35:00,-39.774,42.01566666666667,3.789,65.12298461329814,4.043126890926429,65.23764312870242,152.80658775581796,3,4,0
99,2025-04-30 00:36:00,-34.178666666666665,48.33233333333333,2.908,64.7705105312464,3.418181610403212,64.89239215332493,140.90139511262402,3,4,0
100,2025-04-30 00:44:00,-17.861,60.288333333333334,10.612666666666666,64.48243381161306,1.725996252682195,86.39937316868816,272.1319826338357,4,4,1
101,2025-04-30 00:45:00,-24.971666666666668,44.193666666666665,16.537333333333333,65.16189337151265,5.586619631430407,64.59836447371849,234.82248947343183,4,4,1
102,2025-04-30 00:46:00,-36.102666666666664,2.8513333333333333,52.422,63.77706446051035,0.6245388698133788,67.08404609855985,195.06570607040152,4,4,1
103,2025-04-30 00:47:00,-43.31666666666667,-0.109,28.989,64.49424270105725,3.788578240420767,64.32253063740065,205.4910022413389,4,4,1
104,2025-04-30 00:48:00,-53.60766666666667,-16.814,-9.06,65.10261791603219,2.924632252516197,81.10320708621512,209.08676262632113,4,4,1
105,2025-04-30 00:49:00,-38.729,-49.699666666666666,-3.031,64.23579517988178,1.3538651859065471,64.99697363921373,222.0876328539404,4,4,1
106,2025-04-30 00:50:00,-44.534333333333336,-30.316666666666663,13.244,64.57706719507459,4.794169286694788,67.96895884553204,211.73729662901076,4,4,1
107,2025-04-30 00:51:00,-54.61566666666667,-9.916,-13.196333333333332,65.42377472446555,4.218969163478452,72.20349681376868,271.7722731571991,4,4,1
108,2025-04-30 01:00:00,-59.345,-3.528,12.044666666666666,65.21863567649332,4.959424747908422,101.06522404744364,235.8858365302134,2,4,0
109,2025-04-30 01:01:00,-64.934,-0.2816666666666667,6.964333333333333,65.33090407485204,0.6348013567090166,91.57995858378598,197.93745657004877,2,4,0
110,2025-04-30 01:02:00,-38.963,-19.590666666666667,15.057,64.40079307206051,2.6705526936656416,104.24039928492192,181.60882851552353,2,4,0
111,2025-04-30 01:03:00,-62.34733333333333,1.471,17.957666666666668,64.92864551360447,0.457884740254918,94.09671480775596,196.33697311570316,2,4,0
112,2025-04-30 01:04:00,-57.49466666666667,0.21,16.249,64.9399073717497,2.5289188497402004,92.98027483971232,201.43704100261525,2,4,0
113,2025-04-30 01:05:00,-55.42766666666667,-12.873666666666669,24.063,64.67165903294456,2.2654325399857544,93.9751373341369,165.74251356388956,2,4,0
114,2025-04-30 01:06:00,-54.248666666666665,-19.044666666666668,14.889,64.89142476591338,3.468331757940221,93.63627182099944,182.04252818506373,2,4,0
115,2025-04-30 01:07:00,-35.593333333333334,0.5773333333333334,50.21933333333333,64.00175205964236,3.716324343945045,95.64655308001016,187.4391231020184,2,4,0
116,2025-04-30 01:08:00,-34.282552083333336,-1.87890625,12.232421875,65.18738349966962,7.994151909906878,97.74041053424403,191.36090995224592,2,4,0
117,2025-04-30 00:01:00,-49.574333333333335,-5.881666666666667,23.165333333333333,64.7074469847821,4.335778059158467,86.62349171163018,178.76109268875413,1,11,1
118,2025-04-30 00:02:00,-46.90566666666667,-4.794666666666667,42.262,64.02857833533402,1.4998298867968574,78.42669016680034,145.9621454921332,1,11,1
119,2025-04-30 00:03:00,-57.25266666666667,-9.085666666666668,14.939666666666668,64.93648690039642,2.126343269867353,77.68618244168273,122.216952759504,1,11,1
120,2025-04-30 00:04:00,-26.139333333333333,-9.241333333333332,-53.619,64.46181866113936,2.018977026049874,78.69259379774739,151.2227362939258,1,11,1
121,2025-04-30 00:05:00,-50.55466666666667,-12.373666666666669,25.78933333333333,64.57705262008027,3.7055734918344343,85.26354167184635,161.10807101717464,1,11,1
122,2025-04-30 00:06:00,-45.801,20.238333333333333,38.27466666666667,64.44828435464292,2.005985313112521,77.53697304028209,96.03682362484426,1,11,1
123,2025-04-30 00:07:00,-49.48733333333333,-7.970333333333333,19.648333333333333,64.63528113080828,2.766905577484126,83.19534364606695,123.37936305479948,1,11,1
124,2025-04-30 00:08:00,-51.525,-17.528666666666666,30.013,64.39278484213793,2.4351441314217195,86.55702125525237,190.8663384181801,1,11,1
125,2025-04-30 00:09:00,-50.18966666666667,-17.936666666666667,25.601333333333333,64.55996361372725,3.5388460728813778,78.88594843448526,140.8487417606404,1,11,1
126,2025-04-30 00:10:00,-49.08866666666667,-17.479,-1.5543333333333331,64.754965297727,3.0971711754718116,73.49887523706079,124.7587746306916,1,11,1
127,2025-04-30 00:11:00,-52.55533333333333,1.3766666666666667,30.004333333333335,64.73049930665027,3.2603874276556795,77.99214544738774,158.58219417332091,1,11,1
128,2025-04-30 00:12:00,-52.56433333333333,-20.678333333333335,30.667666666666666,64.34656608608788,0.5523582129307442,85.57046432110268,173.84846032826482,1,11,1
129,2025-04-30 00:13:00,-49.663,-16.264666666666667,21.379,64.66462034584899,4.81527522860461,87.95453913702993,184.73392968304256,1,11,1
130,2025-04-30 00:14:00,-58.01233333333333,-16.656333333333333,0.0133333333333333,65.1561921670858,1.9230069212354817,85.61410620525987,206.0585443458161,1,11,1
131,2025-04-30 00:15:00,-47.01533333333333,-9.457,38.67766666666667,64.16495202518969,2.398526965682113,82.54385039309439,165.94138255713622,1,11,1
132,2025-04-30 00:16:00,-33.836666666666666,22.05366666666667,10.386,64.98941462025844,5.049124080749608,72.81834094150766,122.90191544282496,1,11,1
133,2025-04-30 00:17:00,-46.947,31.040333333333333,1.0456666666666667,65.13756952137607,5.24315778081924,85.56722595127162,157.23876488595567,1,11,1
134,2025-04-30 00:18:00,-62.009,-0.497,18.731333333333332,64.94297703176807,0.5493034236608246,73.66693049262076,136.59620618610035,1,11,1
135,2025-04-30 00:19:00,-38.994,-7.706,23.454666666666668,64.37189286962752,3.602972159370293,76.3902217267742,151.15247147940252,1,11,1
136,2025-04-30 00:20:00,-38.481,13.978666666666667,-18.94,66.26291341377643,13.483074794658933,82.75479310308647,237.1439216664289,1,11,1
137,2025-04-30 00:21:00,-34.925666666666665,-4.243666666666667,-47.56,66.19193118214348,15.43438519599608,89.93738822487028,169.9212386690851,1,11,1
138,2025-04-30 00:31:00,-38.54366666666667,-9.952666666666667,36.201,64.28744052529734,4.263135470483112,114.40363382408032,160.13438864875434,2,11,0
139,2025-04-30 00:32:00,-22.925,-28.673,25.508333333333333,63.815413443685706,4.9799605431627025,100.89582555549612,236.79187246636351,2,11,0
140,2025-04-30 00:33:00,-49.125,21.203333333333333,36.114333333333335,64.5894098271179,0.852919408817786,98.8579782592977,206.56140270715812,2,11,0
141,2025-04-30 00:34:00,-40.752,-3.490666666666667,30.792333333333332,64.39719735144682,5.352566980319877,106.42416554792382,179.22315529911063,2,11,0
142,2025-04-30 00:35:00,-17.358666666666668,-33.728,19.314666666666668,63.56971295486964,2.220269090781182,107.00418151746791,179.46298538267436,2,11,0
143,2025-04-30 00:36:00,-48.39666666666667,11.102333333333334,34.783,64.57446345310728,3.1361339910753743,102.99836247575752,160.84344743146335,2,11,0
144,2025-04-30 00:37:00,-33.05833333333333,-12.330333333333334,27.843333333333337,64.28065484538376,5.726145822625764,109.777595507656,147.65358314485675,2,11,0
145,2025-04-30 00:38:00,-60.693,18.548666666666666,-8.138,65.37654871751218,2.3020015465004793,110.04143182351277,172.53633261383288,2,11,0
146,2025-04-30 00:39:00,-61.49766666666667,18.111666666666668,-12.427666666666669,65.30710844668518,0.4625145038104555,106.7641794018188,169.73549468377365,2,11,0
147,2025-04-30 00:40:00,-61.005,18.651,-14.054666666666666,65.34804912330996,0.4779913989476022,101.92872423042137,188.04749382331383,2,11,0
148,2025-04-30 00:41:00,-58.275333333333336,20.845666666666663,-21.230333333333338,65.53505701677535,0.563591289264897,105.51474850304125,196.36327585800197,2,11,0
149,2025-04-30 00:42:00,-51.909,9.859,8.228333333333333,64.91718470633832,3.3536243781645965,109.20702289333752,189.11408129007071,2,11,0
150,2025-04-30 00:43:00,-23.763333333333332,-12.741333333333332,42.449,63.724131327974234,4.016974793932932,109.91719124322746,169.5663427317411,2,11,0
151,2025-04-30 00:01:00,31.642,3.284666666666667,52.06933333333333,62.98861264768111,2.0926880768653766,99.61518213353784,177.9777049674655,1,10,1
152,2025-04-30 00:02:00,36.52333333333333,3.135666666666667,50.461666666666666,62.804786156650984,1.2160739358041388,89.0742160401726,163.42873243071446,1,10,1
153,2025-04-30 00:03:00,34.05133333333333,5.370333333333333,52.17633333333333,62.95420711732688,1.257168602605388,99.77676040585916,91.08127863511478,1,10,1
154,2025-04-30 00:04:00,39.281666666666666,4.718,47.17466666666667,63.04172762879003,1.8472260944775905,101.26683550610792,89.78501306418924,1,10,1
155,2025-04-30 00:05:00,30.918666666666667,31.251333333333335,24.279,63.64765052399276,2.451309060281156,96.82082011825696,93.23769906446772,1,10,1
156,2025-04-30 00:06:00,41.681666666666665,24.044333333333334,27.309333333333335,63.39369338123805,2.892341522983514,102.12530147736716,112.9970306853128,1,10,1
157,2025-04-30 00:07:00,41.71,11.524,40.17,63.33122159753344,3.6134523147235456,102.16865428459754,101.5293531041932,1,10,1
158,2025-04-30 00:08:00,28.106666666666666,14.779666666666667,43.001,63.24894150313239,2.6477787042482506,103.70589530661844,119.39289721532369,1,10,1
159,2025-04-30 00:09:00,42.682,5.509,44.049,63.14230219084957,2.038056436763748,102.02971424371344,74.13827874317019,1,10,1
160,2025-04-30 00:10:00,-0.6763333333333333,61.54333333333334,4.591,64.15956540597763,1.2340314350708168,99.78011368706282,129.05117163197116,1,10,1
161,2025-04-30 00:11:00,16.982666666666667,60.599,1.5176666666666667,64.13386446532994,1.3342021621021822,99.8644258063526,132.45146565760476,1,10,1
162,2025-04-30 00:12:00,39.036,12.167,36.06133333333333,63.38726887880906,3.256042191408338,98.1476078887066,150.25647452740756,1,10,1
163,2025-04-30 00:13:00,40.57666666666667,4.7796666666666665,35.58433333333333,63.2543423113297,4.051688384010424,96.0299733835022,155.18311799595585,1,10,1
164,2025-04-30 00:14:00,43.784333333333336,14.841666666666669,39.71666666666667,63.22221078004125,2.121178308716341,98.27636804776408,150.66621272999393,1,10,1
165,2025-04-30 00:15:00,26.840666666666667,10.878333333333334,55.646,63.15191699481455,1.590088010159651,97.2145866857904,112.87497046272192,1,10,1
166,2025-04-30 00:16:00,36.31366666666667,3.1466666666666665,31.184666666666665,63.35243408740878,5.178876506269603,93.10603126119403,80.50669374776156,1,10,1
167,2025-04-30 00:17:00,58.678666666666665,-10.01,-21.184666666666665,63.186344079077266,0.3548547878463752,96.01117397910038,62.78405628435792,1,10,1
168,2025-04-30 00:18:00,57.898,-10.221666666666666,-22.857333333333333,63.08537217394252,0.3013597105777028,103.64655803292226,69.51519054845879,1,10,1
169,2025-04-30 00:19:00,53.861666666666665,-11.857666666666669,-30.009666666666668,62.88675707760191,0.4018095685197542,97.04217012532524,135.1366371409638,1,10,1
170,2025-04-30 00:20:00,53.163,-13.144,-30.894333333333332,63.12990878649624,0.7553916922128555,100.21100691625894,101.09436496260336,1,10,1
171,2025-04-30 00:21:00,56.31433333333333,5.055666666666666,3.7196666666666665,63.310438444067664,2.888145429149896,97.89623731205307,124.40264407600408,1,10,1
172,2025-04-30 00:26:00,61.800666666666665,-1.9896666666666667,-13.029666666666667,63.19109701355545,0.3880612796400174,82.37763186265916,245.04271457131992,3,10,0
173,2025-04-30 00:27:00,61.597,-1.9993333333333336,-13.174,63.02303978547361,0.4727115384779004,73.39209721638743,149.15007535257425,3,10,0
174,2025-04-30 00:28:00,41.45333333333333,5.664333333333333,26.608666666666668,63.04617218869653,1.9217628243953788,79.19810381249977,117.50187108478184,3,10,0
175,2025-04-30 00:29:00,30.817666666666668,7.386666666666667,43.95033333333333,63.25496343714313,3.4888776465151663,81.48073776419649,124.74098431443862,3,10,0
176,2025-04-30 00:30:00,24.298333333333332,-55.077666666666666,15.695666666666666,62.44696572024604,2.2743802821315,80.1615964278137,109.99621065510055,3,10,0
177,2025-04-30 00:31:00,44.804,0.1143333333333333,34.611666666666665,63.44423511990912,5.305565949989643,84.18237427346133,154.97774579414843,3,10,0
178,2025-04-30 00:32:00,50.83133333333333,-4.972666666666667,31.122,63.10325465388701,2.9752174295928846,81.25248066332894,123.38979356329502,3,10,0
179,2025-04-30 00:37:00,56.68366666666667,-22.447333333333333,-7.54,63.0633127363968,4.05737025400451,77.30049550476755,145.58496442592022,4,10,1
180,2025-04-30 00:38:00,55.62766666666667,-22.933,-17.574666666666666,63.00810642167004,2.349154136173726,76.40700933816589,124.63208844931602,4,10,1
181,2025-04-30 00:39:00,55.17033333333333,-22.412333333333333,-19.888,62.97463110206581,0.8663164695379973,77.91228447955858,124.8012308521924,4,10,1
182,2025-04-30 00:40:00,52.728,-24.512,-24.437,63.07830695040723,0.3672314486457728,76.4745803179414,109.25409984679446,4,10,1
183,2025-04-30 00:41:00,48.983333333333334,-25.311666666666667,-30.051666666666662,62.9645845815191,1.3901157541948477,77.73890903236288,135.42403826089694,4,10,1
184,2025-04-30 00:42:00,31.61,-5.120333333333333,44.816,63.51797633724993,6.22096043125376,78.53841259364859,118.1809517709848,4,10,1
185,2025-04-30 00:43:00,18.752666666666663,7.964,58.081,63.09833705414981,1.398878479677352,79.5780218046506,111.39923078030316,4,10,1
186,2025-04-30 00:44:00,32.952666666666666,7.807666666666667,40.06933333333333,63.29797063297722,3.021795340536092,88.27331352809522,164.0166724059347,4,10,1
187,2025-04-30 00:53:00,62.300333333333334,3.763,-9.409666666666666,63.12258780311804,0.4530368318227058,110.6845660179992,196.3340701562569,2,10,0
188,2025-04-30 00:54:00,62.228,3.5233333333333334,-9.811,63.09836828171629,0.4101871746322765,109.09981329215908,133.23391512817713,2,10,0
189,2025-04-30 00:55:00,62.217666666666666,3.1373333333333333,-9.765333333333333,63.0601111031195,0.4017308330497437,106.67950478716791,161.53136789026456,2,10,0
190,2025-04-30 00:56:00,60.10166666666667,1.804,-5.690666666666667,62.96988075937786,1.9439951516741716,101.54009822385194,143.2379517606453,2,10,0
191,2025-04-30 00:57:00,15.472666666666669,1.403333333333333,60.13166666666667,62.83627496371189,1.623231966826861,105.88759726076368,147.7641801306646,2,10,0
192,2025-04-30 00:58:00,39.47115384615385,2.653311965811966,33.91720085470085,63.65824334915066,8.471726371726753,101.56220718144976,128.17328558912956,2,10,0
193,2025-04-30 00:04:00,49.66733333333333,11.804,12.551333333333334,63.234084907344254,1.9452093111309552,100.28283740907224,226.12279063559748,1,5,1
194,2025-04-30 00:05:00,36.044333333333334,12.149666666666668,27.636333333333333,63.05669518437179,1.4180476338576469,97.80751003451836,220.0418314726035,1,5,1
195,2025-04-30 00:06:00,53.767,19.141666666666666,-18.353666666666665,63.241344489735475,0.934887050541396,106.58323516545818,165.46261324117583,1,5,1
196,2025-04-30 00:07:00,51.911,17.595333333333333,9.08,63.27110132952631,1.1880249220790458,94.22700327906496,244.37240354957697,1,5,1
197,2025-04-30 00:08:00,25.174333333333333,20.275333333333332,54.05433333333333,63.199736005424214,0.94482917928051,65.15827910837986,177.0459493858546,1,5,1
198,2025-04-30 00:09:00,30.570333333333338,19.811666666666667,49.965,63.2191072671252,0.6714236226494411,78.55308949413292,236.39436187011643,1,5,1
199,2025-04-30 00:10:00,53.367666666666665,14.218666666666667,-26.526666666666667,63.21306554126584,1.6313628890071057,86.72075758617021,253.92809713896025,1,5,1
200,2025-04-30 00:11:00,54.73166666666667,14.775,-11.472333333333331,63.32559191035539,2.9327590882643877,100.06764775782794,201.4266295701439,1,5,1
201,2025-04-30 00:12:00,52.19566666666667,10.629666666666669,-32.986666666666665,63.31629482423122,1.9066925283583225,78.3397041922599,209.16036154090824,1,5,1
202,2025-04-30 00:13:00,60.101333333333336,13.918,2.516,63.26490959805819,1.4614650923618566,74.83389440813917,225.86509713476775,1,5,1
203,2025-04-30 00:14:00,57.654,11.563333333333333,-15.71,63.2337681440301,1.1508980437219716,74.71723990624422,209.34319825280096,1,5,1
204,2025-04-30 00:15:00,45.24066666666667,3.947,-23.351,63.18206305803217,3.5233848873179876,77.0345834975246,206.76246630974833,1,5,1
205,2025-04-30 00:16:00,43.046,2.9463333333333335,45.965,63.059036310293074,0.3265061772878878,82.16083724209297,238.0846112014147,1,5,1
206,2025-04-30 00:17:00,24.265666666666668,7.327666666666667,55.551,63.105416085623304,2.442838648039846,94.68069849870636,256.6621158530136,1,5,1
207,2025-04-30 00:18:00,31.465333333333337,11.67,52.39633333333333,63.18241030187571,1.4327229711628755,95.57925565079282,234.2873971230465,1,5,1
208,2025-04-30 00:19:00,43.311,7.822,33.776666666666664,63.34458971859262,3.5778885835786594,95.39276214667204,262.61652791536727,1,5,1
209,2025-04-30 00:20:00,63.02166666666667,4.342333333333333,-1.0716666666666668,63.19574618225446,0.28751429194155,92.4070883492825,218.123678445855,1,5,1
210,2025-04-30 00:21:00,62.992,2.2336666666666667,6.826,63.413925374997305,0.5845812184293784,71.87310062608361,182.48587647558497,1,5,1
211,2025-04-30 00:22:00,63.013666666666666,1.1456666666666666,2.955,63.16720071873492,0.3620589625852919,90.73766722559724,242.97153514418525,1,5,1
212,2025-04-30 00:23:00,63.026,0.3816666666666666,-0.791,63.035418187187055,0.1614124110705513,69.68926952863863,184.0175240280346,1,5,1
213,2025-04-30 00:24:00,44.42166666666667,28.329,-16.582333333333334,63.35755337463905,3.225331566381715,79.89378537640386,211.83646287064968,1,5,1
214,2025-04-30 00:31:00,60.004333333333335,-4.003,18.038333333333338,62.785554241781355,0.0992230769428459,99.82131765527942,250.571299611961,3,5,0
215,2025-04-30 00:32:00,59.297,-4.314333333333333,20.421,62.87684187045771,0.3648146526521024,104.29888700308712,192.66763893242913,3,5,0
216,2025-04-30 00:33:00,23.652666666666665,7.387333333333333,53.314,63.162126404093485,3.170034928301248,105.90702071546605,201.21901205783416,3,5,0
217,2025-04-30 00:34:00,34.25633333333333,-32.12566666666667,19.492,62.951710349240585,3.509724220692485,98.9748108278697,212.35075416779685,3,5,0
218,2025-04-30 00:35:00,39.88666666666666,-33.33133333333333,24.59,62.91298252018753,3.425779290601004,104.87427275302724,207.97145366028852,3,5,0
219,2025-04-30 00:36:00,33.748,-25.629,42.94566666666667,62.59766544016015,2.216366720960123,94.39109762656376,228.9596500172212,3,5,0
220,2025-04-30 00:37:00,33.29566666666667,-28.772,42.748,62.57340745328549,1.971889031305561,94.7917164968212,229.6706245391455,3,5,0
221,2025-04-30 00:44:00,39.386,-42.295,23.575666666666667,62.44925248675807,1.0888206977308992,99.62274436211077,181.54373962315296,4,5,1
222,2025-04-30 00:45:00,32.554,-27.97533333333333,31.36,62.99186673718491,4.322891582193975,88.00460613582027,208.16675265666487,4,5,1
223,2025-04-30 00:46:00,30.029333333333337,8.49,53.72933333333334,63.128248418962094,3.36108884447834,97.51551995361224,192.9800324486273,4,5,1
224,2025-04-30 00:47:00,43.736333333333334,4.413666666666667,38.748333333333335,63.20395954363724,3.875542715491684,97.4923600864151,196.5274553608504,4,5,1
225,2025-04-30 00:48:00,49.64266666666666,19.434,18.470666666666663,63.46934783197312,3.4449797944268057,103.81079329047796,192.91269796826796,4,5,1
226,2025-04-30 00:49:00,46.548,36.82933333333333,5.6386666666666665,63.57151510025578,3.354867288674333,105.11489912043756,195.19419159854823,4,5,1
227,2025-04-30 00:50:00,42.574,2.134333333333333,28.900666666666663,63.423923377326894,5.681749445399755,102.3177591099824,183.81460248850317,4,5,1
228,2025-04-30 00:51:00,56.656,5.9206666666666665,23.258333333333333,63.15134766751522,2.5033885921458783,104.71193357550617,202.04042814292424,4,5,1
229,2025-04-30 01:00:00,60.358666666666664,3.977,17.145666666666667,62.87384815771808,0.4639157684433873,105.5414431528666,181.16386654960567,2,5,0
230,2025-04-30 01:01:00,60.346,3.907,17.118666666666666,62.850283447182385,0.4584800346417115,105.04883934256802,172.20658251566005,2,5,0
231,2025-04-30 01:02:00,58.94466666666667,4.305666666666666,15.914666666666667,63.03487500156802,2.7671044197911994,105.89622105740172,170.8994031942282,2,5,0
232,2025-04-30 01:03:00,45.2,42.24466666666667,-11.344,63.36632387604772,0.8336656618962486,108.57725295255167,176.51236047033348,2,5,0
233,2025-04-30 01:04:00,32.001,5.113333333333333,39.77633333333333,63.58681834489466,6.128120927878479,112.16608676589568,145.96871752741623,2,5,0
234,2025-04-30 01:05:00,34.333333333333336,-0.8946666666666667,36.933,63.88008837964115,8.86539951774514,109.77369044486876,136.78021006067584,2,5,0
235,2025-04-30 01:06:00,32.179964539007095,-29.747340425531913,10.1968085106383,63.86999663369055,10.054432610482822,104.83560009832296,160.58239407601644,2,5,0
236,2025-04-30 00:01:00,54.223,-13.547,25.653,62.96346893953799,1.8335518626881673,96.97633781434575,195.26205120670076,1,7,1
237,2025-04-30 00:02:00,51.117,-22.045666666666666,27.661333333333335,62.80219188973039,0.5615696859240151,89.73461483089554,208.67414463067485,1,7,1
238,2025-04-30 00:03:00,53.901666666666664,-26.866333333333333,10.046333333333331,62.8359000464991,0.5247208906080497,76.19473407720322,100.59211151086822,1,7,1
239,2025-04-30 00:04:00,59.31766666666667,-15.436666666666667,3.441,62.96165748820588,0.8757965923568739,73.17331182285797,87.39788144796418,1,7,1
240,2025-04-30 00:05:00,57.23466666666667,-12.232666666666669,18.335,62.93355296457187,1.4949619578528404,75.03168001766443,115.20964665884614,1,7,1
241,2025-04-30 00:06:00,58.214666666666666,-11.751,14.461666666666666,63.05796145537515,2.1585868276308804,86.07180888817585,209.26888680133584,1,7,1
242,2025-04-30 00:07:00,59.24166666666667,-12.904666666666667,16.390666666666668,62.88600629449966,0.6951347553885218,71.51593164840759,121.44734525873706,1,7,1
243,2025-04-30 00:08:00,57.34,-13.088,22.325,62.98721492132638,0.4136300133855659,89.57383715620358,182.42659079574557,1,7,1
244,2025-04-30 00:09:00,53.46,-27.24,12.657666666666668,62.7606378962812,0.8996281742313283,73.68942738106927,209.0215841954048,1,7,1
245,2025-04-30 00:10:00,58.886,-15.668666666666669,9.992333333333333,62.853022468642486,0.8925057738314484,91.79418883933052,225.74039868596725,1,7,1
246,2025-04-30 00:11:00,56.64533333333333,-14.318666666666669,23.41,62.95723373914318,0.4844790138802247,90.461787460229,218.67820310210303,1,7,1
247,2025-04-30 00:12:00,55.093666666666664,-28.223333333333333,9.705333333333334,62.79322901195917,0.5532241121965705,87.15528240671577,194.61437731929004,1,7,1
248,2025-04-30 00:13:00,51.11,-22.022333333333332,18.469666666666665,63.252994265234854,4.178681987042474,79.79801934673611,154.2927412420947,1,7,1
249,2025-04-30 00:14:00,48.318333333333335,-21.081666666666667,-2.207666666666667,62.99206332410426,1.366366778006465,73.70927389959525,166.38315597390482,1,7,1
250,2025-04-30 00:15:00,42.21966666666667,11.556333333333331,44.631,63.11937589448075,1.011625766399618,86.3017597278771,190.30996955665816,1,7,1
251,2025-04-30 00:16:00,57.781666666666666,-9.121,12.277666666666669,62.88137558186935,1.2975380271442218,86.28428065697544,195.56887615840992,1,7,1
252,2025-04-30 00:17:00,60.01833333333333,-17.763333333333332,5.251333333333333,62.816151065417486,0.214861179952025,90.56020678508754,208.8522423558014,1,7,1
253,2025-04-30 00:18:00,60.016,-17.073666666666668,6.394666666666667,62.72704367727829,0.1516295117144309,81.18208980686832,120.47176379704136,1,7,1
254,2025-04-30 00:19:00,60.071666666666665,-16.831333333333333,6.650666666666667,62.75057829150677,0.4032254309274833,69.31896733097813,154.34589341863762,1,7,1
255,2025-04-30 00:20:00,59.789,-17.589333333333332,4.056333333333333,62.91236748474771,1.2688646358294065,73.64201748135903,163.61332332409748,1,7,1
256,2025-04-30 00:21:00,55.635666666666665,-13.73,-3.0516666666666667,63.132503510450015,2.073563881264068,87.30272319100322,221.3110390931172,1,7,1
257,2025-04-30 00:25:00,60.91166666666667,-11.216,11.738333333333332,63.04245172946722,0.2264507403314305,87.10735650010612,219.36662724236945,3,7,0
258,2025-04-30 00:26:00,60.367333333333335,-11.781666666666666,12.598333333333333,62.78739358576362,0.4410669334043233,86.28145068525399,250.2994272286664,3,7,0
259,2025-04-30 00:27:00,60.219,-11.710333333333333,12.976,62.70665225016231,0.4030263563115736,80.27724950899216,236.2467058567454,3,7,0
260,2025-04-30 00:28:00,50.165333333333336,6.542333333333334,34.827333333333335,63.18360848533971,1.515679859988112,76.36994942275345,256.902425390662,3,7,0
261,2025-04-30 00:29:00,32.13633333333333,-47.151,10.791666666666666,62.86876302603273,3.9087468891201738,82.79204487841868,261.2154091745629,3,7,0
262,2025-04-30 00:30:00,47.166666666666664,-2.9366666666666665,36.44766666666667,63.1661954977953,4.14705674757878,82.3562689683182,244.46454611638265,3,7,0
263,2025-04-30 00:31:00,43.77066666666666,1.268,42.939,62.95466561107244,3.2789852797351497,75.45207008984374,265.4689193640753,3,7,0
264,2025-04-30 00:32:00,47.187666666666665,-26.166666666666668,14.116666666666667,63.26991936426831,5.563659195078905,98.19498883418464,194.3238868576692,3,7,0
265,2025-04-30 00:36:00,55.150666666666666,-19.973333333333333,-4.203333333333333,63.17074067104135,5.195849921367572,78.15501735274961,245.23205654912084,4,7,1
266,2025-04-30 00:37:00,55.221,-29.481333333333332,-5.6386666666666665,62.87573182770383,0.6082875942665877,59.08676145743628,162.0217079925093,4,7,1
267,2025-04-30 00:38:00,55.61,-28.866,-4.896,62.8775407961323,0.6871657471467109,61.26942435917963,134.9965561619854,4,7,1
268,2025-04-30 00:39:00,55.922,-28.448666666666668,-4.146,62.89854497328682,0.5606902681050531,61.663131770262176,108.09770047148191,4,7,1
269,2025-04-30 00:40:00,34.918,-2.8676666666666666,38.19533333333333,63.348810534727136,5.209977975184707,70.62503902094912,195.03089906534476,4,7,1
270,2025-04-30 00:41:00,37.89,7.320333333333333,44.92,63.17209232056323,3.51403166020203,65.47082815412693,168.3022504866187,4,7,1
271,2025-04-30 00:42:00,53.15133333333333,-31.674,-7.942666666666667,62.9608605207283,2.7391073648296143,64.0762823796952,189.6260090199359,4,7,1
272,2025-04-30 00:43:00,59.696,-8.34,9.644666666666666,63.056380510401816,3.2327816083704346,76.5886945710307,249.0513797182231,4,7,1
273,2025-04-30 00:51:00,60.99066666666667,-13.519333333333334,7.942666666666667,62.97630119971987,0.1371879568147775,110.9101052706817,133.2818379512542,2,7,0
274,2025-04-30 00:52:00,60.99966666666667,-13.242666666666668,7.540666666666667,62.87834922330218,0.1534023656499806,104.4163609844646,157.67201521673434,2,7,0
275,2025-04-30 00:53:00,61.01233333333333,-13.050666666666666,7.167333333333334,62.8051058265839,0.1354576622633479,110.99327234887969,153.07762542363866,2,7,0
276,2025-04-30 00:54:00,45.456,11.702333333333334,38.562,63.19380970517942,2.0688358108459988,103.6358219248419,188.06854160413056,2,7,0
277,2025-04-30 00:55:00,38.33792048929664,-14.883792048929664,25.075305810397552,63.139866493661664,4.4782685417469565,110.5267039605714,171.92379900503056,2,7,0
278,2025-04-30 00:01:00,36.915,-8.784666666666666,32.50033333333333,63.15740567944946,5.834675755753598,91.1694716956306,273.9604374523127,1,13,1
279,2025-04-30 00:02:00,44.715333333333334,-24.163,14.317666666666666,62.84917929186512,3.762268243891254,95.2816176693866,184.96716816158047,1,13,1
280,2025-04-30 00:03:00,55.69433333333333,-13.743333333333334,6.874,62.94223955885366,2.7408294333186243,90.84490008279836,134.2045108175821,1,13,1
281,2025-04-30 00:04:00,34.31,-15.794333333333332,28.576666666666668,63.087250470173565,5.192349639638314,93.94252847993438,195.61909751055416,1,13,1
282,2025-04-30 00:05:00,35.73233333333334,-3.5496666666666665,31.086333333333332,63.10959064542704,3.3536897938382713,90.16183009636012,163.70770252295736,1,13,1
283,2025-04-30 00:06:00,23.033333333333335,17.527666666666665,42.870666666666665,63.24697449506936,1.9191709720728531,87.79426600600061,186.90766602536976,1,13,1
284,2025-04-30 00:07:00,25.073,54.057,16.529333333333334,63.7876066222992,1.430119365231547,94.41653766474722,186.9921724276551,1,13,1
285,2025-04-30 00:08:00,31.268,5.906,45.15833333333333,63.05845731514031,3.075596587324536,96.57859135995872,167.5145713269962,1,13,1
286,2025-04-30 00:09:00,32.68366666666667,0.0073333333333333,53.50866666666667,62.974364536450224,1.002868168611994,87.28894655073941,146.5179372720094,1,13,1
287,2025-04-30 00:10:00,35.30166666666667,-20.211666666666662,36.15833333333333,62.745462456059975,2.5462275052519847,88.34756444513046,136.54017780752065,1,13,1
288,2025-04-30 00:11:00,36.476,-5.175333333333334,35.351333333333336,63.09615575581746,3.538426510605595,85.87479441783951,194.36636068396027,1,13,1
289,2025-04-30 00:12:00,51.17066666666667,-19.391666666666666,17.673333333333332,62.97567299775213,2.376329904185895,92.08929102718442,209.19618097498375,1,13,1
290,2025-04-30 00:13:00,41.445,-10.114333333333333,37.38,63.05566556544028,3.825664225466764,90.62337759182778,167.69462044634466,1,13,1
291,2025-04-30 00:14:00,19.682666666666663,4.815,59.157666666666664,63.06610589298508,2.0913203552123396,89.19880007451012,131.1893053820989,1,13,1
292,2025-04-30 00:15:00,8.142666666666667,5.217666666666666,62.37533333333333,63.13761941697117,0.5013458796467686,90.62876911493088,99.51802269652276,1,13,1
293,2025-04-30 00:16:00,7.663,3.1576666666666666,62.316,63.080862480830966,1.3540514543983573,87.66245642677144,171.40336787091815,1,13,1
294,2025-04-30 00:17:00,32.23833333333334,-26.708666666666662,37.49733333333333,62.87873072075516,4.6920737718086585,87.36538360577694,107.5919292119918,1,13,1
295,2025-04-30 00:18:00,37.85966666666667,-25.329666666666668,35.98766666666667,62.68396742185926,2.665063149086782,91.94112135015216,139.94406839944648,1,13,1
296,2025-04-30 00:19:00,31.157,-26.600666666666665,24.390333333333334,63.06561162035476,3.607210041556731,91.35059078943664,105.63884618423882,1,13,1
297,2025-04-30 00:20:00,36.663333333333334,-17.599666666666668,46.42933333333333,62.668533785746085,0.995928282960695,89.27307072793609,161.859432254023,1,13,1
298,2025-04-30 00:21:00,38.843333333333334,-24.495333333333335,34.925,63.04516544568816,5.216011943283285,93.1586963645545,227.61678703296752,1,13,1
299,2025-04-30 00:27:00,57.215666666666664,-23.827666666666666,-10.95,62.94289470613091,0.351197019139016,86.28067042992119,224.97898264368885,3,13,0
300,2025-04-30 00:28:00,57.31166666666667,-23.393666666666668,-11.221333333333334,63.03954810685943,0.5933305567917722,87.13292163396542,163.11153691756374,3,13,0
301,2025-04-30 00:29:00,33.525666666666666,-9.81,25.537333333333333,63.015054201417136,3.285718185185845,91.6190023301258,163.50219970950408,3,13,0
302,2025-04-30 00:30:00,13.831,4.353,58.31666666666667,63.26667121181094,3.838964327777189,85.96133285830896,175.47630606345072,3,13,0
303,2025-04-30 00:31:00,39.57233333333333,-39.08233333333333,3.0616666666666665,63.60726337850639,7.089831603358906,87.95230320014691,142.21726268329866,3,13,0
304,2025-04-30 00:32:00,35.29666666666667,-0.4623333333333333,44.6,63.40073069665603,4.9283885598403145,88.64494454402339,153.0807909349513,3,13,0
305,2025-04-30 00:33:00,34.79333333333334,-9.207333333333333,48.062666666666665,62.88235539437349,2.654187896332982,87.5769024777837,211.0642766031824,3,13,0
306,2025-04-30 00:34:00,40.39266666666666,-20.285,22.355,63.808135475199386,9.990120812345957,92.95764729929935,182.7915887620252,3,13,0
307,2025-04-30 00:39:00,54.699,-22.008333333333333,9.542666666666667,62.92358767819057,5.169085706234419,82.11630072081167,128.45590957171046,4,13,0
308,2025-04-30 00:40:00,55.961666666666666,-21.732666666666667,7.427666666666667,62.990930576501434,3.8047336884084446,77.78438491858776,73.14151705940839,4,13,0
309,2025-04-30 00:41:00,50.50266666666667,-20.994333333333337,19.330333333333332,62.98351296337803,8.003276087036161,80.4979766071146,61.24626287203764,4,13,0
310,2025-04-30 00:42:00,25.549,-6.143666666666666,48.11233333333333,63.7654203786427,7.658557127051566,75.57578267871308,95.91472395084617,4,13,0
311,2025-04-30 00:43:00,10.109,4.307333333333333,61.95933333333333,63.00826600590225,1.688810704647008,77.78067303405416,118.06748305759533,4,13,0
312,2025-04-30 00:44:00,24.947,6.208333333333333,53.38433333333333,63.40159701737311,5.521819957824069,80.47841477902361,117.85947215210948,4,13,0
313,2025-04-30 00:45:00,28.505333333333333,0.6,53.444,63.214194991760984,4.2566283461154715,80.57770545782896,128.57893221864347,4,13,0
314,2025-04-30 00:54:00,57.693,-20.202666666666666,-15.891666666666667,63.16250027061403,0.3802098955606059,99.22662328151304,195.9355063393493,2,13,0
315,2025-04-30 00:55:00,57.474666666666664,-20.315666666666665,-15.451333333333332,62.91255658439599,0.6459288003888903,101.79198134977464,234.15419750552277,2,13,0
316,2025-04-30 00:56:00,59.111666666666665,-19.203,-2.157,62.911695067218304,0.7551757649762426,103.22248547058152,224.4105479110972,2,13,0
317,2025-04-30 00:57:00,28.454,-4.352666666666667,46.50266666666667,63.01805972490213,4.609571401840758,103.85067052684174,215.49612681709493,2,13,0
318,2025-04-30 00:58:00,18.706,-3.5533333333333332,50.533,63.2759905660084,4.9215869280564775,100.03572927830686,198.02399207690956,2,13,0
319,2025-04-30 00:59:00,47.40760869565217,37.755434782608695,14.695652173913045,65.86141911197032,12.55819474152584,95.3739939792904,222.76517867501295,2,13,0
320,2025-04-30 00:10:00,48.489333333333335,-2.56,39.68066666666667,62.877116207407205,0.7277298767692646,88.19739312056335,254.74287911893748,1,6,1
321,2025-04-30 00:11:00,49.794,5.286,35.10933333333333,63.118351877864846,1.4581916501960357,84.08796924119952,200.03382846603947,1,6,1
322,2025-04-30 00:12:00,47.60733333333334,14.828,18.403666666666663,63.39209701393859,2.0930924908847524,88.16923068550018,224.8525380131284,1,6,1
323,2025-04-30 00:13:00,47.13766666666667,8.805666666666667,33.218,63.20910493057473,1.8988734929584667,74.0146321871417,222.89822870647347,1,6,1
324,2025-04-30 00:14:00,48.31733333333333,1.584666666666667,26.489,63.31390807226768,4.31416789386281,74.15091696987704,210.0956299935485,1,6,1
325,2025-04-30 00:15:00,54.868,1.306,29.166333333333338,63.09591631868503,1.6503567004833275,75.7845658238911,191.21169179511733,1,6,1
326,2025-04-30 00:16:00,44.63,16.265333333333334,40.220333333333336,63.17056067663393,1.355457044583263,72.06214951949516,196.4812782151859,1,6,1
327,2025-04-30 00:17:00,50.842666666666666,8.577666666666667,35.43366666666667,63.24278743127248,1.132477191624566,74.43401417827957,181.43147692590537,1,6,1
328,2025-04-30 00:18:00,52.516333333333336,7.534666666666666,33.19133333333333,63.202748601632834,1.5736060070634232,82.81840047080853,248.4169848066925,1,6,1
329,2025-04-30 00:19:00,36.24666666666667,-7.042333333333334,41.11266666666667,63.02189018786621,3.3449998228999207,82.89217901250016,227.64647299412897,1,6,1
330,2025-04-30 00:20:00,14.114333333333333,-8.181666666666667,57.85766666666667,62.79466101046756,2.2620525886459144,79.35524083839624,218.13822684637688,1,6,1
331,2025-04-30 00:21:00,5.894333333333333,-2.900333333333333,59.33566666666667,62.951634751666006,1.810160791984063,76.03320521599181,184.11018420322583,1,6,1
332,2025-04-30 00:22:00,23.825,-46.849666666666664,9.863666666666669,63.215951636598966,5.1715044889452155,87.9499543849528,226.4514292507911,1,6,1
333,2025-04-30 00:23:00,40.443666666666665,-20.739333333333335,20.738666666666667,62.98502346280096,4.36430438028169,87.13286940465908,207.85425670120057,1,6,1
334,2025-04-30 00:24:00,32.89233333333333,-7.185666666666667,44.387,62.86069334630542,2.6337992878010352,85.34603630443705,210.67928423799725,1,6,1
335,2025-04-30 00:25:00,24.767666666666667,-14.169666666666666,27.91,63.38952033544952,5.242459185182002,82.57737949615839,192.65987808246248,1,6,1
336,2025-04-30 00:26:00,53.887,-8.979,17.279333333333334,63.00197555664896,2.4994151234653756,79.37158899804615,170.82012144032936,1,6,1
337,2025-04-30 00:27:00,54.221666666666664,-9.395,18.417,63.005619766000365,3.616288783940053,83.57571188320607,202.4472935906965,1,6,1
338,2025-04-30 00:28:00,62.057,-4.709,5.98,63.19870099200943,2.748610483363248,78.6511922481738,188.96252997193056,1,6,1
339,2025-04-30 00:29:00,60.27166666666667,-4.999,11.844666666666669,63.01889971876973,1.9305296947497264,83.68458031909286,199.90689971756225,1,6,1
340,2025-04-30 00:30:00,61.42133333333334,-6.995333333333333,11.478666666666667,62.9359302796587,1.1093601011120224,84.03037003696237,241.39028736329337,1,6,1
341,2025-04-30 00:40:00,32.474,24.511333333333333,31.109666666666666,63.48546968086387,1.839965416372645,94.85838602978252,196.67462085031303,2,6,0
342,2025-04-30 00:41:00,20.049666666666667,32.031333333333336,34.17766666666667,63.638026390583214,3.753877610076495,87.65239780168307,196.2001861149731,2,6,0
343,2025-04-30 00:42:00,3.302,17.105,45.65,63.40932218878276,2.655219932976483,91.76861146214164,191.7467881236601,2,6,0
344,2025-04-30 00:43:00,39.927,24.392666666666667,29.065666666666665,63.38570091173429,3.980400305852958,91.80236177386678,213.39473303529363,2,6,0
345,2025-04-30 00:44:00,38.187,35.17433333333334,36.216,63.34698613943018,0.5994556287499722,90.5135605613292,224.56653374199317,2,6,0
346,2025-04-30 00:45:00,40.27466666666667,36.974666666666664,29.35033333333333,63.3612138010212,0.8572741653718097,86.3236965369325,234.9651905943244,2,6,0
347,2025-04-30 00:46:00,46.01766666666666,38.712666666666664,17.298,63.44388610533043,1.0008242538998775,91.2177955268413,185.36074642943072,2,6,0
348,2025-04-30 00:47:00,42.923,20.555666666666667,22.016333333333332,63.36787178195345,3.967680996826146,96.56164631846312,244.36631418711752,2,6,0
349,2025-04-30 00:48:00,58.718666666666664,6.602666666666667,21.239,63.09325859681715,1.020646674985874,85.60470028352923,192.13101911990063,2,6,0
350,2025-04-30 00:49:00,58.084,6.222,23.512666666666668,62.97424687049357,0.2913722031972228,87.48410428847282,245.57865548838993,2,6,0
351,2025-04-30 00:50:00,58.23866666666667,6.227,23.212,63.00818888902181,0.3393124302898658,97.52940083662476,201.39389440138572,2,6,0
352,2025-04-30 00:51:00,27.987333333333332,-7.979333333333333,50.142,62.53245452171333,1.0357597001820418,88.41235260468743,223.41427982491967,2,6,0
353,2025-04-30 01:15:00,25.99921383647799,-40.55110062893082,8.132861635220126,64.06043823075012,7.571880010393365,76.9210449545675,213.5730336179535,4,6,1
354,2025-04-30 00:05:00,49.99066666666667,25.633333333333333,24.702666666666666,63.59389217291138,3.904725124784205,103.11716775742168,176.95075423746502,1,2,1
355,2025-04-30 00:06:00,48.83133333333333,18.822,23.613,63.4207906072306,3.78122362300158,88.25275787425706,180.91318155671777,1,2,1
356,2025-04-30 00:07:00,53.870666666666665,15.78,22.954,63.41314290308017,3.0324864089059824,89.02880798099304,187.6400590797512,1,2,1
357,2025-04-30 00:08:00,52.970666666666666,18.834,24.213333333333335,63.36308706658548,2.2243794772865746,89.28176107977792,196.9235680876486,1,2,1
358,2025-04-30 00:09:00,52.079,19.111333333333334,-2.705333333333334,63.19726857322695,1.744203223084966,81.14898122150821,129.64195916000344,1,2,1
359,2025-04-30 00:10:00,54.174,25.817,18.814666666666668,63.43646301397699,0.6822709210153773,93.53187524361996,222.82044558424644,1,2,1
360,2025-04-30 00:11:00,43.302,14.799666666666669,-38.720333333333336,63.07926881817625,0.8887324480729336,84.26718995385713,189.25614382754284,1,2,1
361,2025-04-30 00:12:00,48.30866666666667,18.086,-30.437,63.20367767164751,2.4011376703177496,79.6895476810325,143.100282921531,1,2,1
362,2025-04-30 00:13:00,54.236333333333334,24.235333333333333,2.114,63.41286420111391,1.4339876142254802,82.3274959804793,162.02918133739337,1,2,1
363,2025-04-30 00:14:00,47.852333333333334,13.545,-30.568,63.137373760600184,2.549647285595186,77.25866949465781,132.3720164025067,1,2,1
364,2025-04-30 00:15:00,53.69766666666667,-3.940333333333333,6.837666666666666,63.76974472960544,7.671200935161627,85.2241409199181,203.52495094396428,1,2,1
365,2025-04-30 00:16:00,55.06066666666667,2.4026666666666667,19.821,63.3283966120163,2.7125355698735967,83.61175627729598,189.6776317500899,1,2,1
366,2025-04-30 00:17:00,10.978666666666667,13.086333333333334,60.701,63.119173587636126,0.535965434698261,80.55191928455004,175.34143279771484,1,2,1
367,2025-04-30 00:18:00,19.692,19.859333333333332,41.528,63.22084650224241,1.8060733299726492,71.09543770409361,92.65436521554123,1,2,1
368,2025-04-30 00:19:00,28.146333333333335,-33.787,21.230666666666668,63.180719945126775,4.34717845835576,77.93866379322793,176.04434483471198,1,2,1
369,2025-04-30 00:20:00,40.690333333333335,-44.87433333333333,7.860666666666667,62.767328849379304,3.9518471352702744,85.17494379753948,174.27165195892914,1,2,1
370,2025-04-30 00:21:00,39.337666666666664,-30.413,24.006666666666668,63.03844016693166,5.559771696767648,78.64183371754359,152.3148844302972,1,2,1
371,2025-04-30 00:22:00,37.141333333333336,-49.688,8.578666666666667,62.63519634839848,0.3849394726057548,81.70357210835614,124.6194860176499,1,2,1
372,2025-04-30 00:23:00,35.095333333333336,-49.344,9.362333333333334,62.99461230725538,4.453293192524916,87.40167525016405,177.6347020230726,1,2,1
373,2025-04-30 00:24:00,22.574,-52.796,11.931,63.56446949551606,6.633994605083342,102.84048734057512,187.39669611532136,1,2,1
374,2025-04-30 00:37:00,39.696333333333335,16.967666666666666,12.541666666666666,64.1298520055663,6.702667260936564,96.29158732750086,182.2923335936243,2,2,0
375,2025-04-30 00:38:00,32.220333333333336,37.24633333333333,2.869,63.5898635086872,2.196723077646635,100.70351185900552,187.3017750117025,2,2,0
376,2025-04-30 00:39:00,15.358333333333333,49.465333333333334,33.35433333333334,63.78457163810242,0.8151202020446078,102.49724948992493,181.576178121576,2,2,0
377,2025-04-30 00:40:00,47.775,26.279,8.279,63.39376692296121,2.891248055298935,98.34971329083656,204.45074013027735,2,2,0
378,2025-04-30 00:41:00,53.325,2.3253333333333335,17.169333333333334,63.96982283602839,8.249935332704558,104.3913581456596,197.5089404052556,2,2,0
379,2025-04-30 00:42:00,42.79666666666667,-0.4316666666666666,39.742333333333335,63.589904108937304,6.276418465135344,96.93780861745,185.5090659879639,2,2,0
380,2025-04-30 00:43:00,52.383,3.0993333333333335,12.34,64.0115526217767,8.135117144178823,103.6889173097392,185.61937649333885,2,2,0
381,2025-04-30 00:44:00,62.139,0.4596666666666666,10.945,63.09967851326623,0.3428870403653814,100.40811404128092,172.7050839660488,2,2,0
382,2025-04-30 00:45:00,62.06,0.55,11.529,63.128121601738655,0.2554663110839708,100.54860533457618,189.51521455552572,2,2,0
383,2025-04-30 00:46:00,62.00333333333333,0.0486666666666666,11.999333333333333,63.1541605652268,0.1897453597633215,98.17869851270196,189.5656057289555,2,2,0
384,2025-04-30 00:47:00,61.987,-0.2756666666666666,12.022666666666666,63.144538523783,0.1930145551125444,92.39163516035192,194.5339369837774,2,2,0
385,2025-04-30 00:48:00,37.34866666666667,26.908,27.980333333333338,63.73512012577689,6.407713779978267,91.86378697979426,187.86244671487725,2,2,0
386,2025-04-30 00:01:00,-33.745,-34.949,-34.31,64.7041445427497,2.434545609407696,95.2904351613882,180.1192059324474,1,17,1
387,2025-04-30 00:02:00,-34.978,-30.269333333333332,-42.06733333333333,64.82756849842968,1.9119874253612812,73.79394387881537,203.4969637368365,1,17,1
388,2025-04-30 00:03:00,-28.796,-26.596666666666668,-51.03366666666667,64.44570953186428,0.4322687450074752,79.41766471640008,209.29957970747407,1,17,1
389,2025-04-30 00:04:00,-23.981333333333332,-28.011333333333333,-52.94733333333333,64.5233926112272,0.1667511242307053,67.29366244470381,161.1099351694905,1,17,1
390,2025-04-30 00:05:00,-23.922,-28.010666666666665,-52.97533333333333,64.52901178589222,0.3696456900620957,71.54755788011646,197.69962816878595,1,17,1
391,2025-04-30 00:06:00,-44.68266666666667,-30.180333333333333,-7.891666666666667,64.96937772099832,3.686636933518075,73.10176307907217,205.51042156845892,1,17,1
392,2025-04-30 00:07:00,-52.50266666666667,-35.916333333333334,-11.148666666666667,64.97332301411507,1.1588628780545016,67.50503114410208,103.39330687619592,1,17,1
393,2025-04-30 00:08:00,-38.948,-40.81033333333333,11.309666666666669,64.24173640509767,2.4796445292184877,71.41670806233343,153.9341635471162,1,17,1
394,2025-04-30 00:09:00,-25.361333333333334,-47.844,6.489333333333334,63.83698303294799,2.289890226869232,74.69268149047429,209.8318624753445,1,17,1
395,2025-04-30 00:10:00,-53.577666666666666,-36.30733333333333,-2.803,64.94379846891708,0.7125356800538428,87.47679248376807,216.00618709639792,1,17,1
396,2025-04-30 00:11:00,-53.008,-36.99033333333333,-1.907333333333333,64.7855358154874,0.2309742414226529,73.1773212180159,187.50450542453177,1,17,1
397,2025-04-30 00:12:00,-42.638,-20.868666666666662,-22.998,64.88428984557379,4.201697819799024,70.92873610653793,193.1411963380959,1,17,1
398,2025-04-30 00:13:00,-57.89933333333333,-8.004666666666667,7.698,65.67555146734678,7.067715764414349,74.11906794423577,214.02863716954988,1,17,1
399,2025-04-30 00:14:00,-63.57233333333333,-4.456666666666667,8.385333333333334,65.21865033753856,0.8932980931431598,68.97505309442437,195.4084939836933,1,17,1
400,2025-04-30 00:15:00,-38.15133333333333,-10.238333333333332,20.077666666666666,64.24487084955224,3.0610297054561597,74.88048350922993,247.7213889494332,1,17,1
401,2025-04-30 00:16:00,-35.836666666666666,-7.58,49.303,63.97181271690718,4.66299378578673,74.59678303883129,182.51723167880303,1,17,1
402,2025-04-30 00:17:00,-42.940666666666665,-5.8773333333333335,38.022666666666666,64.20654831280248,3.874595087114615,68.17009314461848,119.46675791971504,1,17,1
403,2025-04-30 00:18:00,-47.329,43.74066666666667,-0.5223333333333333,65.24500440343844,3.663613934623105,70.8914307183623,120.97902395455664,1,17,1
404,2025-04-30 00:19:00,-43.884,38.041666666666664,1.5646666666666669,64.9280331260993,3.5740053687920432,80.90594711516158,242.07887082662612,1,17,1
405,2025-04-30 00:20:00,-43.955666666666666,47.614333333333335,0.673,64.88285126928557,0.7270565093370924,81.48511818646716,179.08335145668272,1,17,1
406,2025-04-30 00:21:00,-44.61966666666667,46.77033333333333,2.2823333333333333,64.99403955874833,0.7031987645927529,87.92671823393863,225.01445090145836,1,17,1
407,2025-04-30 00:29:00,-59.342333333333336,8.267333333333333,24.427,64.92195054850222,1.340772281621612,93.2004515943491,214.6274324567288,3,17,0
408,2025-04-30 00:30:00,-58.15833333333333,10.060666666666666,26.704333333333334,64.78618774101255,0.4653435859025234,94.56767110227196,173.9905971098619,3,17,0
409,2025-04-30 00:31:00,-51.12733333333333,-8.053666666666667,29.254333333333335,64.54177694264455,2.390333816140487,87.4165653577573,213.01929066213623,3,17,0
410,2025-04-30 00:32:00,-38.375,1.8823333333333336,19.432,64.73086654097393,7.211258571702667,87.6304220945166,193.78098002733688,3,17,0
411,2025-04-30 00:33:00,-46.415,45.17166666666667,5.007,65.00948052809927,1.2595401806537552,93.80649494517294,200.62837192242336,3,17,0
412,2025-04-30 00:34:00,-52.904,9.29,20.806333333333335,65.11208551003418,4.920025799457879,81.73311245210805,184.48051228629345,3,17,0
413,2025-04-30 00:35:00,-53.982,-4.5456666666666665,30.133666666666667,64.67524641936139,3.737891642117888,92.5998247152062,196.47154675087535,3,17,0
414,2025-04-30 00:42:00,-59.96033333333333,1.184,-3.8506666666666662,65.4159922395761,4.566577052715313,91.4416889436277,210.0940030223096,4,17,1
415,2025-04-30 00:43:00,-45.995,2.138,44.492666666666665,64.23263753177078,1.9899603962941743,67.83329623665912,178.788131968148,4,17,1
416,2025-04-30 00:44:00,-47.375,2.199,43.12866666666667,64.26120701912272,0.8778415453749049,69.01367823677006,206.2569299169447,4,17,1
417,2025-04-30 00:45:00,-42.57633333333333,3.238,38.55266666666667,64.8979405890705,7.956526082246939,73.72005460722174,164.16557314941952,4,17,1
418,2025-04-30 00:46:00,-35.948,-3.3036666666666665,52.468333333333334,63.725158097298525,0.5140286707071462,73.32564178613498,189.53333573171227,4,17,1
419,2025-04-30 00:47:00,-39.483,-4.054,46.114333333333335,63.959039710729655,4.243022422908868,68.36226000283312,181.5327970334099,4,17,1
420,2025-04-30 00:48:00,-45.357,-36.86066666666667,1.2663333333333333,64.65953951293774,4.417384215593615,73.58862623015897,208.506426682647,4,17,1
421,2025-04-30 00:58:00,-41.67633333333333,4.191333333333334,47.661,63.99889143783176,1.7488743223259533,107.40568192917556,174.09568508231084,2,17,0
422,2025-04-30 00:59:00,-40.82966666666667,4.905666666666667,49.12533333333333,64.06992963835901,0.269782880091758,103.8452587862483,147.3375524710457,2,17,0
423,2025-04-30 01:00:00,-42.11333333333334,2.5633333333333335,43.33133333333333,64.24149355200844,5.024789170428865,104.97659377340344,212.9905633825773,2,17,0
424,2025-04-30 01:01:00,-32.68366666666667,-5.250333333333334,53.58866666666667,63.61429466922643,1.335732160089358,96.51657777737609,167.02291209166555,2,17,0
425,2025-04-30 01:02:00,-43.32,2.9153333333333333,38.34866666666667,64.84581806465917,7.684261807429637,99.2337929499302,162.2328044323901,2,17,0
426,2025-04-30 01:03:00,-36.83181818181818,25.94772727272727,8.188636363636364,65.86544046826366,10.274333737026392,105.34329672330172,145.31091519449166,2,17,0
427,2025-04-30 00:01:00,41.889,10.973333333333333,39.29,63.211609469660715,3.655511125469819,90.84105436490192,203.52001356914656,1,16,1
428,2025-04-30 00:02:00,40.273,17.851,44.21366666666667,63.11710243986889,1.166638873758733,87.99802416167947,252.45136726620055,1,16,1
429,2025-04-30 00:03:00,38.86266666666667,13.846,45.01566666666667,63.06036038098441,2.855628702586882,69.80587052203005,216.71229700816752,1,16,1
430,2025-04-30 00:04:00,52.74966666666667,16.001,26.724,63.36422360107751,3.0053009997865643,76.34903598725887,215.84959927166835,1,16,1
431,2025-04-30 00:05:00,44.221333333333334,13.731666666666667,38.053,63.215274451592315,3.1733908273631735,76.07289592006418,218.641905885135,1,16,1
432,2025-04-30 00:06:00,32.804,32.916,28.005333333333333,63.37879654354781,2.107482390176695,76.39507184908094,230.17986837420844,1,16,1
433,2025-04-30 00:07:00,20.535,59.29,5.706,63.7773343098388,0.7411443838587765,78.84680759080993,240.43940023935937,1,16,1
434,2025-04-30 00:08:00,33.621,38.263333333333335,22.080666666666666,63.46760494697577,2.0893672793334277,89.8157659138992,227.92699211494875,1,16,1
435,2025-04-30 00:09:00,16.807,42.428,30.552333333333333,63.776686528361985,2.3179564555266965,88.92894701827696,213.7588101661545,1,16,1
436,2025-04-30 00:10:00,23.958666666666662,37.260333333333335,24.011333333333333,63.83328094879736,4.045892152777232,80.18423084154496,242.8970061994583,1,16,1
437,2025-04-30 00:11:00,44.788333333333334,8.986333333333333,41.72266666666667,63.21430065115255,2.5936190646202824,71.56614201638342,223.82299187926827,1,16,1
438,2025-04-30 00:12:00,32.49666666666667,24.092666666666663,38.264,63.39393234894054,3.5858064650252506,77.9593315509946,191.64329300288588,1,16,1
439,2025-04-30 00:13:00,17.941,42.684,23.844666666666665,63.65398569108932,3.285286233891297,84.30267087876692,216.1779343632359,1,16,1
440,2025-04-30 00:14:00,26.650333333333332,9.867,55.699666666666666,62.975512993905205,1.3749290240383565,81.87462839633734,221.1039926197863,1,16,1
441,2025-04-30 00:15:00,24.173,4.9783333333333335,57.49633333333333,62.85915239542946,1.1129361144475778,76.99627875977727,220.88167358945495,1,16,1
442,2025-04-30 00:16:00,23.541666666666668,12.629,50.06933333333333,62.87722434344751,1.4993305829955934,85.48943679943133,217.6439735280991,1,16,1
443,2025-04-30 00:17:00,27.116333333333333,-42.038333333333334,25.767,62.67642075427908,4.363173321399768,82.37652384796253,218.64243387066676,1,16,1
444,2025-04-30 00:18:00,23.668,-17.288333333333334,22.326,63.041490568714664,3.4226890317400485,69.89336760304568,203.4791646502839,1,16,1
445,2025-04-30 00:19:00,43.074333333333335,27.218,15.464,63.35847665416202,2.898005532086778,90.4562650462585,239.75241171147323,1,16,1
446,2025-04-30 00:20:00,39.71633333333333,-21.144,22.803333333333335,63.64000439455575,8.281838000161825,80.90549078141234,211.22760348144945,1,16,1
447,2025-04-30 00:21:00,29.961,-51.07633333333333,14.413,62.59952889009955,3.375102379324888,80.01462194839478,216.82035505106063,1,16,1
448,2025-04-30 00:33:00,34.583333333333336,27.47,23.756333333333338,63.40762764772957,3.0699222715806536,129.87444798633953,122.76166698488387,2,16,0
449,2025-04-30 00:34:00,30.507,30.472,20.689,63.59245158175547,4.5747970980966794,119.71389069512828,144.2828927198502,2,16,0
450,2025-04-30 00:35:00,11.244666666666667,59.82633333333333,8.882,63.95017274526824,0.9372330821903034,112.70107095666062,161.74122308245958,2,16,0
451,2025-04-30 00:36:00,19.407666666666668,56.45766666666667,9.215,63.819592045883645,1.6597201863518558,116.73532672461504,84.2560013314394,2,16,0
452,2025-04-30 00:37:00,15.115333333333334,60.596666666666664,11.511333333333331,63.87669543719157,0.4521578164046055,108.09498861577428,134.11709850414746,2,16,0
453,2025-04-30 00:38:00,7.367,60.401666666666664,9.538333333333334,63.93583415903419,0.7340143426002746,102.82636773825035,182.34383734393936,2,16,0
454,2025-04-30 00:39:00,34.892,-20.865,42.336333333333336,62.71079391853415,4.079337295910609,123.46861423453204,180.66551683432832,2,16,0
455,2025-04-30 00:40:00,49.135333333333335,-19.471333333333337,33.47233333333333,62.66288222179167,0.3626637439822269,135.6122458764096,117.05527550313104,2,16,0
456,2025-04-30 00:41:00,49.05466666666667,-18.144333333333332,34.303666666666665,62.555754959115845,0.3524034076446409,132.1675815802112,32.02735986263479,2,16,0
457,2025-04-30 00:42:00,48.065333333333335,-17.249333333333333,36.074,62.52717370203646,0.2605420670301477,125.98586228025292,57.26702636022376,2,16,0
458,2025-04-30 00:43:00,48.12533333333333,-16.497,36.535,62.63845005207291,0.3375031959834128,118.3005867247818,94.94998403547253,2,16,0
459,2025-04-30 00:44:00,18.806,6.405,58.288333333333334,62.91900749065886,1.313200818767976,104.63945359406394,201.88144942546,2,16,0
460,2025-04-30 00:05:00,-54.235,-22.517333333333333,13.176333333333334,64.75265276654687,1.3992711299135236,98.47826674839004,236.7779255460164,1,3,0
461,2025-04-30 00:06:00,-47.02733333333333,-24.589333333333332,19.674,64.33820348409998,1.8085645611587056,71.85817563918778,254.9694851974139,1,3,0
462,2025-04-30 00:07:00,-50.382666666666665,-24.52466666666667,15.473,64.64783229978232,1.959450332590278,87.97707148809447,278.4737580213946,1,3,0
463,2025-04-30 00:08:00,-57.248333333333335,-16.125,18.385,64.74814124594847,1.0613851930565816,70.26420448729762,270.8478202254242,1,3,0
464,2025-04-30 00:09:00,-57.644666666666666,-14.444666666666668,8.541333333333334,64.9920071806513,2.805887137817325,73.22628369142312,305.0358293981277,1,3,0
465,2025-04-30 00:10:00,-47.497,-27.358333333333334,-6.321666666666666,64.95291412521509,2.6644474053296228,90.75584834060324,259.83573713122547,1,3,0
466,2025-04-30 00:11:00,-55.715333333333334,-7.342666666666666,14.597333333333331,64.86081515819,1.0026583075889075,76.4255170830091,243.78650179892497,1,3,0
467,2025-04-30 00:12:00,9.714666666666666,-44.647666666666666,28.837333333333333,62.7017468175455,1.8652826492938088,72.38628111155852,297.19455476077457,1,3,0
468,2025-04-30 00:13:00,-49.613,-3.3973333333333335,35.97533333333333,64.4037518312459,1.5313665115262116,92.1917660436116,267.5361402212666,1,3,0
469,2025-04-30 00:14:00,-44.25866666666667,-2.1863333333333332,45.758,64.03915699455115,0.3596823977207471,89.72204519297384,270.5191572880229,1,3,0
470,2025-04-30 00:15:00,-52.62833333333333,-24.287666666666667,19.917666666666666,64.5945067238464,2.0276508007128604,90.00328236127865,266.85527023231174,1,3,0
471,2025-04-30 00:16:00,-43.21966666666667,8.043666666666667,40.848333333333336,64.37951138410571,3.560830513209213,79.54895083271084,308.4043610642105,1,3,0
472,2025-04-30 00:17:00,-43.093,-0.2353333333333333,45.912,64.04412417967215,1.5903326880664306,66.44787886094089,257.4735539407598,1,3,0
473,2025-04-30 00:18:00,-32.609,-2.3773333333333335,54.26833333333333,63.689077759227025,0.7284967484256057,71.4854854441994,311.14522034577857,1,3,0
474,2025-04-30 00:19:00,-38.93366666666667,9.553333333333333,41.424,64.39757645204479,4.118715062942881,70.1041731898303,299.3719385570472,1,3,0
475,2025-04-30 00:20:00,-28.750666666666667,56.730333333333334,11.431333333333331,64.70853704038394,1.757716537611704,82.06659947183643,300.96943241903784,1,3,0
476,2025-04-30 00:21:00,-38.25566666666667,39.16166666666667,22.28933333333333,64.9360338602046,4.746104350555462,80.3042448391597,276.2528951616094,1,3,0
477,2025-04-30 00:22:00,-24.937333333333335,42.333666666666666,41.341,64.24118546904792,0.3532084342890746,86.77856061934995,301.1803629790888,1,3,0
478,2025-04-30 00:23:00,-36.01133333333333,43.398666666666664,13.548,65.42363660216826,6.508285008159186,68.83670952219389,258.2602421538625,1,3,0
479,2025-04-30 00:24:00,-42.254666666666665,28.144666666666662,0.1643333333333333,65.35076734959819,7.8164489050563875,55.86813471284933,138.8997391595112,1,3,0
480,2025-04-30 00:37:00,-42.04266666666667,16.212333333333333,14.385,66.92423361875959,10.498331036011807,113.02977547444722,130.64279027050722,2,3,0
481,2025-04-30 00:38:00,-55.47233333333333,2.781,-6.748333333333333,65.42480669360137,3.690844858776861,102.96139127368234,134.08573519630872,2,3,0
482,2025-04-30 00:39:00,-58.137,-5.368666666666667,9.098,65.17909180722481,3.785981755374337,94.87527502932436,173.6002936252025,2,3,0
483,2025-04-30 00:40:00,-60.911,-9.209666666666667,-17.189666666666668,65.47980760149541,1.337334340324534,101.20897310108352,155.63469568413245,2,3,0
484,2025-04-30 00:41:00,-62.837,-11.738,-12.456,65.48851199058743,1.7087414253444626,99.27368323684362,204.30960772508757,2,3,0
485,2025-04-30 00:42:00,-61.117333333333335,-13.068666666666669,-18.32133333333333,65.46766204348849,0.7365866499677847,97.77243673605216,200.10795246718016,2,3,0
486,2025-04-30 00:43:00,-57.156,-15.589666666666666,-26.356666666666666,65.38404045519613,0.6492973791793697,100.85644402414268,151.63777955269967,2,3,0
487,2025-04-30 00:44:00,-55.718333333333334,-13.865,-7.737,65.29852770362072,3.264753141174852,101.62793805458637,181.72364862820697,2,3,0
488,2025-04-30 00:45:00,-54.41866666666667,6.5633333333333335,5.222666666666667,65.535180361703,5.932689240616367,97.13666755069758,185.27118949031765,2,3,0
489,2025-04-30 00:46:00,-63.95033333333333,13.839333333333334,-4.832,65.61328476153027,0.2202940512339907,98.90926276365184,178.91977856957584,2,3,0
490,2025-04-30 00:47:00,-63.977666666666664,13.270666666666669,-5.355,65.56179355066594,0.1689963111765069,96.08962479587557,214.7996013999103,2,3,0
491,2025-04-30 00:48:00,-63.94,13.450333333333331,-5.676333333333333,65.58992837484203,0.2096722436540385,103.94559377933932,171.57971676046424,2,3,0
492,2025-04-30 00:00:00,-36.06366666666667,-41.12766666666667,-7.434,64.6034456339077,4.68111228520878,83.70735580466811,179.7003039154772,1,14,1
493,2025-04-30 00:01:00,-43.885666666666665,-38.52766666666667,-19.544666666666668,64.85749744203196,2.175245324896398,70.2796738373672,111.76069978791638,1,14,1
494,2025-04-30 00:02:00,-32.91166666666667,-50.943333333333335,-0.355,64.04515923699024,1.5750909947990603,81.3606614313628,194.5562651405081,1,14,1
495,2025-04-30 00:03:00,-32.650666666666666,-52.788333333333334,-2.463333333333334,64.06601339519437,1.7760239244192133,80.9178836325586,159.86713080890436,1,14,1
496,2025-04-30 00:04:00,-23.94633333333333,-58.80466666666667,-7.769333333333333,63.973104191497995,0.4600073590812482,72.94082557301931,91.51437409521246,1,14,1
497,2025-04-30 00:05:00,-55.93,-14.392,4.682333333333333,65.03687202796392,2.3419956201731367,74.76351404884605,129.08204290682056,1,14,1
498,2025-04-30 00:06:00,-40.45933333333333,-43.318,5.85,64.22784275150269,2.776607430224178,76.47712777481006,109.76074625503593,1,14,1
499,2025-04-30 00:07:00,-48.383,-38.474,-17.539,64.93961052374725,1.2262347616514055,72.86919750662508,77.45353431369675,1,14,1
500,2025-04-30 00:08:00,-41.586666666666666,-36.76433333333333,-23.166666666666668,64.83557241111023,2.6748613902433083,79.47343454597551,151.0285913880768,1,14,1
501,2025-04-30 00:09:00,-38.91866666666667,-41.75666666666667,-19.496,64.57136854793062,1.6265599222435796,80.49072807088828,155.16566159843137,1,14,1
502,2025-04-30 00:10:00,-41.849,-20.771,-35.888333333333335,64.9333817430303,2.411141240277612,79.19038523542928,148.60403669558315,1,14,1
503,2025-04-30 00:11:00,-38.259,-15.604666666666668,-43.80566666666667,64.75399577186828,1.6139077555837806,70.66195587938412,123.45293172559168,1,14,1
504,2025-04-30 00:12:00,-43.730333333333334,-43.25566666666667,-11.691333333333333,64.6898671737583,1.8580684526789428,75.60781368123124,161.42551539792086,1,14,1
505,2025-04-30 00:13:00,-30.684333333333335,-47.639,4.316666666666666,63.961368834368585,2.2693531017737403,79.70057337551359,165.69718028848754,1,14,1
506,2025-04-30 00:14:00,-54.72933333333334,-10.257,24.592666666666663,64.66483062695949,2.4208841332543956,80.55042686670626,164.59018797289235,1,14,1
507,2025-04-30 00:15:00,-57.11633333333333,-2.8983333333333334,29.665,64.75669965157867,1.0955288990090934,82.58808980352404,147.81604354671245,1,14,1
508,2025-04-30 00:16:00,-40.208,29.054333333333332,17.639666666666667,65.7359990682069,8.976920027011971,83.59420341752185,142.22887087178057,1,14,1
509,2025-04-30 00:17:00,-46.665333333333336,11.911333333333332,8.867333333333333,65.15001371546666,4.420676366934595,74.65383198730949,113.0307002008118,1,14,1
510,2025-04-30 00:18:00,-51.56633333333333,-6.317333333333333,37.875,64.33408074502962,0.5471636184384405,75.6363716172351,110.28123447224245,1,14,1
511,2025-04-30 00:19:00,-54.813,-6.129,16.732666666666667,65.4469662123983,6.566374971006738,78.32499724679093,162.10386585869287,1,14,1
512,2025-04-30 00:20:00,-49.56933333333333,-19.268,-19.354666666666667,65.83044629832895,8.966289096545392,98.03146334055792,165.98858353797323,1,14,1
513,2025-04-30 00:31:00,-29.746333333333332,-39.37133333333333,8.887,64.35950021069365,5.356559775613759,114.2949818983266,184.21957927209635,2,14,0
514,2025-04-30 00:32:00,-33.53966666666667,-29.81,2.2066666666666666,64.52437559937106,5.062471745892051,112.46640729928204,162.60285766314206,2,14,0
515,2025-04-30 00:33:00,-46.044,-32.881,-16.377333333333333,64.82650795866506,2.1596757206738455,111.68888224464747,177.71630287164788,2,14,0
516,2025-04-30 00:34:00,-52.553,-15.962,-11.745666666666668,65.09115396134553,2.9063739115514644,118.3101346299124,164.80952028477586,2,14,0
517,2025-04-30 00:35:00,-39.26133333333333,-30.353666666666665,-21.570333333333338,64.84568469563196,3.257787033352874,121.01229252357116,141.130191122488,2,14,0
518,2025-04-30 00:36:00,-24.190333333333335,-56.41866666666667,-15.319666666666668,64.04432239457154,1.0857112968843114,112.2745213714686,150.81725940397862,2,14,0
519,2025-04-30 00:37:00,-39.213,-39.73533333333334,-26.503666666666668,64.89333024000155,4.481557433389213,122.94959795083572,178.31077551325114,2,14,0
520,2025-04-30 00:38:00,-41.794333333333334,-14.045666666666667,2.537,64.9503442128302,5.540738816698963,128.55713590710243,113.27611712172968,2,14,0
521,2025-04-30 00:39:00,-53.870666666666665,3.8436666666666666,35.54566666666667,64.65855748622096,0.3280403446647915,123.98767300191255,61.792773920605576,2,14,0
522,2025-04-30 00:40:00,-53.636,3.9816666666666665,35.92966666666667,64.68205121092473,0.4069207301733792,121.11422624461436,60.242249141110975,2,14,0
523,2025-04-30 00:41:00,-53.32533333333333,4.608333333333333,35.96066666666667,64.48528092036456,0.3849821922276851,112.7244075956646,53.862954601074726,2,14,0
524,2025-04-30 00:42:00,-53.132,5.301,35.924,64.36405990923083,0.2545427291176994,110.18598368785696,58.64124161309009,2,14,0
525,2025-04-30 00:01:00,47.11333333333334,-12.364333333333333,24.475666666666665,63.03193599632675,5.50215514336278,95.91893473708576,212.60132298006172,1,15,0
526,2025-04-30 00:02:00,32.044,-20.537,49.105,62.50704260849425,2.0585490861002773,94.86983842663254,175.23445718288767,1,15,0
527,2025-04-30 00:03:00,30.912333333333333,-15.484666666666667,49.178666666666665,62.54762725798836,2.097456649314106,83.12258808114477,172.90526714402685,1,15,0
528,2025-04-30 00:04:00,37.56066666666667,-21.144,41.657,62.59444686167217,2.248900934819549,89.286082496752,155.35045679686542,1,15,0
529,2025-04-30 00:05:00,40.053666666666665,-22.441,32.138666666666666,62.8209295361244,4.033792122055885,85.64591352853444,132.67573748995935,1,15,0
530,2025-04-30 00:06:00,35.147333333333336,-11.026,46.65,62.74173190960799,2.337607819162992,87.06851722146313,123.75369856542646,1,15,0
531,2025-04-30 00:07:00,28.721,-11.580666666666668,52.037,62.69345134655437,1.4580208928155478,90.32743296636752,185.7162829467545,1,15,0
532,2025-04-30 00:08:00,42.105666666666664,-0.8653333333333333,46.62566666666667,62.88320636864696,0.3710662090410176,89.09806508563642,164.5294708175154,1,15,0
533,2025-04-30 00:09:00,36.167,-26.312,37.053333333333335,62.62394479311139,3.18881459939828,99.3898406618493,198.14953405754508,1,15,0
534,2025-04-30 00:10:00,26.482,-21.991666666666667,46.404333333333334,62.6962689611439,3.5989616583912807,96.09157887955342,182.03782772738597,1,15,0
535,2025-04-30 00:11:00,38.738,-13.858333333333333,38.42633333333333,62.742334752035305,3.532151827173959,94.41742159876684,157.40269224760715,1,15,0
536,2025-04-30 00:12:00,30.441,-24.023333333333333,44.557,62.646803756406015,2.518063893752433,82.5024200626071,145.87270019202467,1,15,0
537,2025-04-30 00:13:00,47.40133333333333,-20.618,28.14666666666667,62.96020243703372,3.683509525040931,83.65161019029094,144.69796128487778,1,15,0
538,2025-04-30 00:14:00,31.595333333333333,2.998666666666667,51.711333333333336,63.04488009839569,3.91711118626704,86.0421282647269,112.75610375391383,1,15,0
539,2025-04-30 00:15:00,23.174333333333333,3.5716666666666668,56.793,62.78628484428453,1.5697458772149124,88.45678400646268,123.83076643305544,1,15,0
540,2025-04-30 00:16:00,25.181333333333335,4.891,56.467,62.969716323974545,2.4316303333717517,94.2751517012544,151.3579969633919,1,15,0
541,2025-04-30 00:17:00,60.96033333333333,-5.6706666666666665,0.52,63.30271275976157,1.428597420008564,96.89097670927664,183.65660551520804,1,15,0
542,2025-04-30 00:18:00,60.423,-6.484666666666667,-6.237333333333333,63.015282647895695,2.444276199439959,91.37389885384908,195.98205811365992,1,15,0
543,2025-04-30 00:19:00,62.126666666666665,-1.459666666666667,8.93,62.950193764648176,0.8246847841751279,90.68214362391468,171.506860380101,1,15,0
544,2025-04-30 00:20:00,62.400666666666666,-1.727666666666667,7.408,63.017064553895075,0.8823689762350778,90.96375638988182,147.89924935049666,1,15,0
545,2025-04-30 00:21:00,38.724666666666664,1.838666666666667,36.16166666666667,63.13626237743931,3.5952801940608787,94.69626744517556,186.20791510071584,1,15,0
546,2025-04-30 00:26:00,57.695,-12.512333333333334,-22.327,63.1231502029358,0.4300098343128668,89.81071508053182,164.22051647158173,3,15,0
547,2025-04-30 00:27:00,56.57966666666667,-16.140333333333334,-22.197666666666667,62.9372265051289,0.6495022520621762,85.96843959393067,153.33136586790167,3,15,0
548,2025-04-30 00:28:00,33.82266666666667,-5.886666666666667,18.496666666666663,62.9504506304081,2.5655601263439487,80.6306217334771,124.85233308489454,3,15,0
549,2025-04-30 00:29:00,20.553333333333335,-35.025,25.199666666666666,63.37087703581997,6.3576681032423386,82.80888677159145,157.3383416663624,3,15,0
550,2025-04-30 00:30:00,30.421666666666667,-30.811666666666667,39.93533333333333,62.50983121349888,3.6796288299975055,80.95938452381155,165.56484266565903,3,15,0
551,2025-04-30 00:31:00,28.025,-20.360666666666667,51.51766666666666,62.39224310413596,0.6957013974392238,79.69386986506312,100.06589502265886,3,15,0
552,2025-04-30 00:32:00,30.732,-10.911666666666669,39.705333333333336,63.2907943274736,6.6408598889075785,82.35249029533631,151.3240830422026,3,15,0
553,2025-04-30 00:33:00,45.242666666666665,-13.924666666666669,18.922333333333334,64.05332300553343,11.817253429433938,93.85172907749148,173.74237424466,3,15,0
554,2025-04-30 00:37:00,42.359,-7.391333333333334,45.593,62.73693876179141,1.4042251003905115,94.0671895587114,190.36536470561663,4,15,0
555,2025-04-30 00:38:00,57.315,-17.430666666666667,8.777666666666667,62.917364681385635,0.9058448448060722,76.60777436706178,139.6506205165543,4,15,0
556,2025-04-30 00:39:00,60.92,-13.570333333333334,-2.8583333333333334,62.90372857403965,1.568310603871327,70.61343661842551,107.11649146809252,4,15,0
557,2025-04-30 00:40:00,48.79933333333334,-9.934666666666669,14.277666666666669,63.333305973869024,5.068795493371159,71.91711178911471,115.8757364775266,4,15,0
558,2025-04-30 00:41:00,25.183666666666667,4.06,57.001666666666665,62.87179578936857,1.2816503241017323,71.51181230236057,102.06068943118294,4,15,0
559,2025-04-30 00:42:00,31.531666666666663,8.332,51.963,63.19036280353925,3.862820483845695,72.61750584615804,81.48016378912693,4,15,0
560,2025-04-30 00:43:00,44.28666666666667,-12.418,27.874,63.21868051477379,4.852535485457901,75.85094513944411,80.46841479874443,4,15,0
561,2025-04-30 00:44:00,58.842,9.328,9.635,63.372548968350515,3.021539991574279,87.8819234296989,164.93127986219503,4,15,0
562,2025-04-30 00:51:00,51.785,-25.314666666666668,-24.35033333333333,62.99592613057123,0.9215698300251226,94.681057716542,168.25049865491204,2,15,0
563,2025-04-30 00:52:00,50.87166666666667,-25.259666666666668,-27.349666666666668,63.044096576658504,0.2970187978720309,96.6443120918313,222.09237225282797,2,15,0
564,2025-04-30 00:53:00,50.23266666666667,-24.379666666666665,-28.698,62.783823477030296,0.3509647728283497,93.94940952975467,172.18708904196458,2,15,0
565,2025-04-30 00:54:00,40.33133333333333,-2.517333333333333,21.177333333333333,63.10349240529518,2.882923213485489,92.74494112734848,188.3115726078132,2,15,0
566,2025-04-30 00:55:00,29.970333333333333,-6.721666666666667,35.126,63.30431909303488,4.657093245851179,94.42615141976826,181.3193343725579,2,15,0
567,2025-04-30 00:56:00,42.78125,39.9375,19.921875,65.94334299346468,13.06081505290814,90.18681320181425,202.3778543559916,2,15,0
